"YQ4gaf src","OSrXXb","rllt__details","yi40Hd","RDApEe","rllt__details 2","rllt__details 3","rllt__details 4","yYlJEf href","BSaJxc","yYlJEf href 2","UbRuwe","rllt__details 5","uDyWh","BI0Dve","if66xd","BI0Dve 2","rllt__details 6"
"data:image/png;base64,iVBORw0KGgoAAAANSUhEUgAAADAAAAAwCAMAAABg3Am1AAAAQlBMVEVHcEwac+gac+gac+hlnJYac+g1jbOByZWByZVtvYM7oFgejj4nk0aByZUejj6ByZXzqB3qhgDqhgD0qBr8yTT8yTT2svvNAAAAFnRSTlMAhOv/Eb88r/////+4cG6/QJ////+nISczlwAAALRJREFUeAHV0kUWxDAMA1AHy9ze/6pT5vopw/1rKwrRjwiplBSaQNqonrTo+mpkwAI1wyqsmom/CLQkcAbgloCE0YSywhgj6I6s528EYdSKLy838beCaJTi81xC+zthtNBgwSz9eCB+f0OLD7S4W6Iz9rrCEpQIQna+pZNsK+6kmu4gL8pWVdWMJqdZUY7aBBfZzuOJvCzRRL4tQCvKjZrlHNAfb3A+tPO1uj7cs18D/nzf8QCycjvSZdC/XAAAAABJRU5ErkJggg==","TeamPlus Staffing Solution Pvt Ltd","· Human resource consulting","4.4","(11)","near Sikandarpur Metro Station","⋅ Closes 6:30 pm","Open","https://www.googleadservices.com/pagead/aclk?sa=L&ai=DChcSEwjJgdLrs8qMAxXvzRYFHRR4KeUYABAAGgJ0bA&co=1&gclid=EAIaIQobChMIyYHS67PKjAMV780WBR0UeCnlEBAYASAAEgLjDPD_BwE&ohost=www.google.com&cid=CAASJeRokxVeJ8heRIAwAZWvBKKFt0IInq6NK7gYyuEeWvmDLG7h6fI&sig=AOD64_0OSkAUN81M_vkIaSfUHFPQAv8wEQ&q=&ctype=99&ved=2ahUKEwiL8M3rs8qMAxWXqFYBHY-lHK0QhKwBegQIMRAO&adurl=","Website","https://www.googleadservices.com/pagead/aclk?sa=L&ai=DChcSEwjJgdLrs8qMAxXvzRYFHRR4KeUYABABGgJ0bA&co=1&ase=2&gclid=EAIaIQobChMIyYHS67PKjAMV780WBR0UeCnlEBAYASABEgKU7PD_BwE&ohost=www.google.com&cid=CAASJeRokxVeJ8heRIAwAZWvBKKFt0IInq6NK7gYyuEeWvmDLG7h6fI&sig=AOD64_2_MnFdwcBEZ60xVnCyefk7WI-mAw&adurl=&ctype=50&q=","Directions","","","","","",""
"data:image/png;base64,iVBORw0KGgoAAAANSUhEUgAAACgAAAAoCAMAAAC7IEhfAAAAflBMVEVHcEzs8v/b6P/a5//V5P+91f+jxP+gw/+hxP+ox//B1//X5P/4+v/M3v/Q4f/9/f/u9P+ty/+xzf/z9/+jxv+yzf+81P+avv13ne9PfOM5bt+BpvIyat4+cd9DdOCStvmIrfVeiOdslOuTtf+Qsv+HrP+NsP+4zv9Tg/Kpw/9P6VkYAAAAKnRSTlMAJUtjcbD2///qplcQin4ELNzPHv/OtP///////////////9rPsKlt8ITWgCk1AAABgUlEQVR4AX2VBZLDMAwAw1LK4AsYAoft/z94obHk0BaGdkQmb44fhFEUBr63SxgngD0A6eG4ZZ3OCTAQ08t1zYtIs6ThMlwMqxxmQW932ODxdLwUNrkz88TioRhAsHxQ9gwsIi9KKcsiF6xO2y/zlDZVh9GKmeGUOCGv0NWELshMx+RnsNTW68ya6rz03pUFLCtGyUL2YgiWXHNR5xTy6LSMjeSibNBpPCFRuaJCnvsGexEtT+/IxO0aIeDTBtEa8kwrgM/8AgTO50hEjghCWZPWcBIjcMzGyC5999d0npP6CA6Iqi3LViGCQ2DHQyrbjnw8XjKLOIqziKm7azunborPjkLVKNDduyFpTSulNANS6laBoE1B20yoqmuY0cnFVEHKNi62slogy3wwL3QU+OoxTIV0FPqZY6MXEu21kI4rFmZdNJ8CDuwCEDvix5VfKdvi3b18vrbEb+51nH7Wxd/lXfr3Wmqvv9Wr+f2aaW83HOP487LW79HbxQ/+OpbPxz+OulJiB8BuewAAAABJRU5ErkJggg==","Iraitech | Software Development Company","· Software company","4.2","(23)","Central Square Complex 3, Unit No-1051, 1st Floor, Near Filmistan, DCM chowk","· 081301 04108","⋅ Closes 6 pm","https://www.iraitech.com/","Website","https://www.google.com/maps/dir//Iraitech+%7C+Software+Development+Company,+Central+Square+Complex+3,+Unit+No-1051,+1st+Floor,+Near+Filmistan,+DCM+chowk,+Bara+Hindu+Rao,+Kishan+Ganj,+Delhi,+110006/data=!4m6!4m5!1m1!4e2!1m2!1m1!1s0x390d03d2e32b8b3b:0x82fa2b6b795ab600?sa=X&ved=1t:57443&ictx=111","Directions","Open","""They work with perfect management and perfect manner.""","","","",""
"","Appfinz Technologies","· Software company","4.7","(36)","Nr Deep Chand Bandhu Hospital, B590 Ground Floor","· 083407 25097","⋅ Closes 6 pm","https://appfinz.com/","Website","https://www.google.com/maps/dir//Appfinz+Technologies,+Nr+Deep+Chand+Bandhu+Hospital,+B590+Ground+Floor,+Bunkar+Colony,+Phase+4,+Ashok+Vihar,+New+Delhi,+Delhi+110052/data=!4m6!4m5!1m1!4e2!1m2!1m1!1s0x390d03579fc2038b:0x7d89ca8d8d9a1765?sa=X&ved=1t:57443&ictx=111","Directions","Open","","On-site services","·","Online appointments",""
"","PageX Technology ®","· Software company","5.0","(1)","Safar News Lane, Ajendra Market","","⋅ Closes 7 pm","","","https://www.google.com/maps/dir//PageX+Technology+%C2%AE,+Safar+News+Lane,+Ajendra+Market,+Prem+Nagar,+Shakti+Nagar,+Delhi,+110007/data=!4m6!4m5!1m1!4e2!1m2!1m1!1s0x390cfd2d26c3afa7:0x1e2a972e084de71b?sa=X&ved=1t:57443&ictx=111","Directions","Open","","Online appointments","","",""
"","Himalayan IT Solutions | Best Website Designing Company in Delhi | SEO/Digital Marketing Company in Delhi NCR, India","· Software company","4.0","(49)","61/4255, Padam Singh Rd","· 098990 98509","⋅ Closes 7 pm","http://www.himalayanitsolutions.com/","Website","https://www.google.com/maps/dir//Himalayan+IT+Solutions+%7C+Best+Website+Designing+Company+in+Delhi+%7C+SEO%2FDigital+Marketing+Company+in+Delhi+NCR,+India,+61%2F4255,+Padam+Singh+Rd,+Block+29,+Block+1,+Regar+Pura,+Karol+Bagh,+Delhi,+110005/data=!4m6!4m5!1m1!4e2!1m2!1m1!1s0x390d02994de5e515:0xd908bc03409a0d37?sa=X&ved=1t:57443&ictx=111","Directions","Open","","Online appointments","","",""
"data:image/png;base64,iVBORw0KGgoAAAANSUhEUgAAACgAAAAoCAMAAAC7IEhfAAAAflBMVEVHcEzs8v/b6P/a5//V5P+91f+jxP+gw/+hxP+ox//B1//X5P/4+v/M3v/Q4f/9/f/u9P+ty/+xzf/z9/+jxv+yzf+81P+avv13ne9PfOM5bt+BpvIyat4+cd9DdOCStvmIrfVeiOdslOuTtf+Qsv+HrP+NsP+4zv9Tg/Kpw/9P6VkYAAAAKnRSTlMAJUtjcbD2///qplcQin4ELNzPHv/OtP///////////////9rPsKlt8ITWgCk1AAABgUlEQVR4AX2VBZLDMAwAw1LK4AsYAoft/z94obHk0BaGdkQmb44fhFEUBr63SxgngD0A6eG4ZZ3OCTAQ08t1zYtIs6ThMlwMqxxmQW932ODxdLwUNrkz88TioRhAsHxQ9gwsIi9KKcsiF6xO2y/zlDZVh9GKmeGUOCGv0NWELshMx+RnsNTW68ya6rz03pUFLCtGyUL2YgiWXHNR5xTy6LSMjeSibNBpPCFRuaJCnvsGexEtT+/IxO0aIeDTBtEa8kwrgM/8AgTO50hEjghCWZPWcBIjcMzGyC5999d0npP6CA6Iqi3LViGCQ2DHQyrbjnw8XjKLOIqziKm7azunborPjkLVKNDduyFpTSulNANS6laBoE1B20yoqmuY0cnFVEHKNi62slogy3wwL3QU+OoxTIV0FPqZY6MXEu21kI4rFmZdNJ8CDuwCEDvix5VfKdvi3b18vrbEb+51nH7Wxd/lXfr3Wmqvv9Wr+f2aaW83HOP487LW79HbxQ/+OpbPxz+OulJiB8BuewAAAABJRU5ErkJggg==","SAVENZER SOFTTECH PVT. LTD.","· Software company","5.0","(8)","4/41 second floor, Kalyan Vihar Rd","· 070047 76993","⋅ Closes 8:30 pm","https://www.savenzer.in/","Website","https://www.google.com/maps/dir//SAVENZER+SOFTTECH+PVT.+LTD.,+4%2F41+second+floor,+Kalyan+Vihar+Rd,+Vijay+Nagar,+New+Delhi,+Delhi+110009/data=!4m6!4m5!1m1!4e2!1m2!1m1!1s0x390cfdec10f01985:0x9272db9c09b640a?sa=X&ved=1t:57443&ictx=111","Directions","Open","""They have provided great project support and digital marketing...""","","","",""
"data:image/png;base64,iVBORw0KGgoAAAANSUhEUgAAACgAAAAoCAMAAAC7IEhfAAAAflBMVEVHcEzs8v/b6P/a5//V5P+91f+jxP+gw/+hxP+ox//B1//X5P/4+v/M3v/Q4f/9/f/u9P+ty/+xzf/z9/+jxv+yzf+81P+avv13ne9PfOM5bt+BpvIyat4+cd9DdOCStvmIrfVeiOdslOuTtf+Qsv+HrP+NsP+4zv9Tg/Kpw/9P6VkYAAAAKnRSTlMAJUtjcbD2///qplcQin4ELNzPHv/OtP///////////////9rPsKlt8ITWgCk1AAABgUlEQVR4AX2VBZLDMAwAw1LK4AsYAoft/z94obHk0BaGdkQmb44fhFEUBr63SxgngD0A6eG4ZZ3OCTAQ08t1zYtIs6ThMlwMqxxmQW932ODxdLwUNrkz88TioRhAsHxQ9gwsIi9KKcsiF6xO2y/zlDZVh9GKmeGUOCGv0NWELshMx+RnsNTW68ya6rz03pUFLCtGyUL2YgiWXHNR5xTy6LSMjeSibNBpPCFRuaJCnvsGexEtT+/IxO0aIeDTBtEa8kwrgM/8AgTO50hEjghCWZPWcBIjcMzGyC5999d0npP6CA6Iqi3LViGCQ2DHQyrbjnw8XjKLOIqziKm7azunborPjkLVKNDduyFpTSulNANS6laBoE1B20yoqmuY0cnFVEHKNi62slogy3wwL3QU+OoxTIV0FPqZY6MXEu21kI4rFmZdNJ8CDuwCEDvix5VfKdvi3b18vrbEb+51nH7Wxd/lXfr3Wmqvv9Wr+f2aaW83HOP487LW79HbxQ/+OpbPxz+OulJiB8BuewAAAABJRU5ErkJggg==","Binarysoft","· Software company","5.0","(179)","1st Floor, 1626/33","· 099997 06000","⋅ Closes 6 pm","http://www.binarysoft.com/","Website","https://www.google.com/maps/dir//1st+Floor,+Binarysoft,+1626%2F33,+Naiwala,+Karol+Bagh,+Delhi,+110005/data=!4m6!4m5!1m1!4e2!1m2!1m1!1s0x390cfdc0eafd1e3d:0x70d6655ff54c8e2e?sa=X&ved=1t:57443&ictx=111","Directions","Open","""Amazing team with excellent turnaround time!""","","","",""
"","Exclogy Software Solutions Pvt. Ltd","· Software company","4.9","(15)","Delhi","· 095601 95359","⋅ Closes 6:30 pm","https://www.exclogy.com/","Website","https://www.google.com/maps/dir//1st+Floor,+Exclogy+Software+Solutions+Pvt.+Ltd,+2972,+Gali+No.+2,+Chuna+Mandi,+Paharganj,+Delhi+110055/data=!4m6!4m5!1m1!4e2!1m2!1m1!1s0x390cfd420fd829dd:0x8d43920ca41682e9?sa=X&ved=1t:57443&ictx=111","Directions","Open","","On-site services","·","Online appointments",""
"data:image/png;base64,iVBORw0KGgoAAAANSUhEUgAAACgAAAAoCAMAAAC7IEhfAAAAflBMVEVHcEzs8v/b6P/a5//V5P+91f+jxP+gw/+hxP+ox//B1//X5P/4+v/M3v/Q4f/9/f/u9P+ty/+xzf/z9/+jxv+yzf+81P+avv13ne9PfOM5bt+BpvIyat4+cd9DdOCStvmIrfVeiOdslOuTtf+Qsv+HrP+NsP+4zv9Tg/Kpw/9P6VkYAAAAKnRSTlMAJUtjcbD2///qplcQin4ELNzPHv/OtP///////////////9rPsKlt8ITWgCk1AAABgUlEQVR4AX2VBZLDMAwAw1LK4AsYAoft/z94obHk0BaGdkQmb44fhFEUBr63SxgngD0A6eG4ZZ3OCTAQ08t1zYtIs6ThMlwMqxxmQW932ODxdLwUNrkz88TioRhAsHxQ9gwsIi9KKcsiF6xO2y/zlDZVh9GKmeGUOCGv0NWELshMx+RnsNTW68ya6rz03pUFLCtGyUL2YgiWXHNR5xTy6LSMjeSibNBpPCFRuaJCnvsGexEtT+/IxO0aIeDTBtEa8kwrgM/8AgTO50hEjghCWZPWcBIjcMzGyC5999d0npP6CA6Iqi3LViGCQ2DHQyrbjnw8XjKLOIqziKm7azunborPjkLVKNDduyFpTSulNANS6laBoE1B20yoqmuY0cnFVEHKNi62slogy3wwL3QU+OoxTIV0FPqZY6MXEu21kI4rFmZdNJ8CDuwCEDvix5VfKdvi3b18vrbEb+51nH7Wxd/lXfr3Wmqvv9Wr+f2aaW83HOP487LW79HbxQ/+OpbPxz+OulJiB8BuewAAAABJRU5ErkJggg==","Andri Infotech","· Software company","4.9","(112)","· 070801 87747","","⋅ Closes 9 pm","https://www.andriinfotech.com/","Website","","","Open","""Superb designing and development very experienced and professional staff..""","","","",""
"","Webtel Electrosoft Ltd.","· Software company","4.1","(293)","1st Floor, Rattan Jyoti Building, 110-114, 18","· 011 4505 4000","⋅ Closes 6:45 pm","https://webtel.in/","Website","https://www.google.com/maps/dir//1st+Floor,+Webtel+Electrosoft+Ltd.,+Rattan+Jyoti+Building,+110-114,+18,+Rajendra+Place,+New+Delhi,+Delhi+110008/data=!4m6!4m5!1m1!4e2!1m2!1m1!1s0x390d0295dfbe951f:0xd11e46b9abc48457?sa=X&ved=1t:57443&ictx=111","Directions","Open","","On-site services","·","Online appointments",""
"","Draggital","· Software company","5.0","(30)","New Delhi, Delhi","· 085888 48444","⋅ Closes 6 pm","https://www.draggital.com/","Website","https://www.google.com/maps/dir//Ground+Floor,+Draggital,+5C%2F61,+Street+No.+5,+New+Delhi,+Delhi+110005/data=!4m6!4m5!1m1!4e2!1m2!1m1!1s0x390d03994eddf479:0xf896930697762a47?sa=X&ved=1t:57443&ictx=111","Directions","Open","","On-site services","·","Online appointments",""
"data:image/png;base64,iVBORw0KGgoAAAANSUhEUgAAACgAAAAoCAMAAAC7IEhfAAAAflBMVEVHcEzs8v/b6P/a5//V5P+91f+jxP+gw/+hxP+ox//B1//X5P/4+v/M3v/Q4f/9/f/u9P+ty/+xzf/z9/+jxv+yzf+81P+avv13ne9PfOM5bt+BpvIyat4+cd9DdOCStvmIrfVeiOdslOuTtf+Qsv+HrP+NsP+4zv9Tg/Kpw/9P6VkYAAAAKnRSTlMAJUtjcbD2///qplcQin4ELNzPHv/OtP///////////////9rPsKlt8ITWgCk1AAABgUlEQVR4AX2VBZLDMAwAw1LK4AsYAoft/z94obHk0BaGdkQmb44fhFEUBr63SxgngD0A6eG4ZZ3OCTAQ08t1zYtIs6ThMlwMqxxmQW932ODxdLwUNrkz88TioRhAsHxQ9gwsIi9KKcsiF6xO2y/zlDZVh9GKmeGUOCGv0NWELshMx+RnsNTW68ya6rz03pUFLCtGyUL2YgiWXHNR5xTy6LSMjeSibNBpPCFRuaJCnvsGexEtT+/IxO0aIeDTBtEa8kwrgM/8AgTO50hEjghCWZPWcBIjcMzGyC5999d0npP6CA6Iqi3LViGCQ2DHQyrbjnw8XjKLOIqziKm7azunborPjkLVKNDduyFpTSulNANS6laBoE1B20yoqmuY0cnFVEHKNi62slogy3wwL3QU+OoxTIV0FPqZY6MXEu21kI4rFmZdNJ8CDuwCEDvix5VfKdvi3b18vrbEb+51nH7Wxd/lXfr3Wmqvv9Wr+f2aaW83HOP487LW79HbxQ/+OpbPxz+OulJiB8BuewAAAABJRU5ErkJggg==","Omniscient IT Solutions Pvt. Ltd","· Software company","4.4","(49)","4, 28, Saraswati Marg","098110 27310","","https://www.omniscientitsolutions.com/","Website","https://www.google.com/maps/dir//4,+Omniscient+IT+Solutions+Pvt.+Ltd,+28,+Saraswati+Marg,+WEA,+Karol+Bagh,+New+Delhi,+Delhi+110005/data=!4m6!4m5!1m1!4e2!1m2!1m1!1s0x390d02992fada203:0xb1d983e4fc5e01ef?sa=X&ved=1t:57443&ictx=111","Directions","","""Very professional, ethical and honest company to deal with.""","","","",""
"","Beta Soft Technology","· Software company","4.4","(69)","3933/18, Third Floor, Metro Station, near Kanhiya Nagar, opposite Metro Pillar 224","· 099991 83189","⋅ Closes 7 pm","https://www.betasofttechnology.com/","Website","https://www.google.com/maps/dir//3933%2F18,+Third+Floor,+Beta+Soft+Technology,+Metro+Station,+near+Kanhiya+Nagar,+opposite+Metro+Pillar+224,+Kanhiya+Nagar,+Delhi,+110035/data=!4m6!4m5!1m1!4e2!1m2!1m1!1s0x390d024381b95edf:0x93b8c93d13b15d1e?sa=X&ved=1t:57443&ictx=111","Directions","Open","","On-site services","","",""
"data:image/png;base64,iVBORw0KGgoAAAANSUhEUgAAACgAAAAoCAMAAAC7IEhfAAAAflBMVEVHcEzs8v/b6P/a5//V5P+91f+jxP+gw/+hxP+ox//B1//X5P/4+v/M3v/Q4f/9/f/u9P+ty/+xzf/z9/+jxv+yzf+81P+avv13ne9PfOM5bt+BpvIyat4+cd9DdOCStvmIrfVeiOdslOuTtf+Qsv+HrP+NsP+4zv9Tg/Kpw/9P6VkYAAAAKnRSTlMAJUtjcbD2///qplcQin4ELNzPHv/OtP///////////////9rPsKlt8ITWgCk1AAABgUlEQVR4AX2VBZLDMAwAw1LK4AsYAoft/z94obHk0BaGdkQmb44fhFEUBr63SxgngD0A6eG4ZZ3OCTAQ08t1zYtIs6ThMlwMqxxmQW932ODxdLwUNrkz88TioRhAsHxQ9gwsIi9KKcsiF6xO2y/zlDZVh9GKmeGUOCGv0NWELshMx+RnsNTW68ya6rz03pUFLCtGyUL2YgiWXHNR5xTy6LSMjeSibNBpPCFRuaJCnvsGexEtT+/IxO0aIeDTBtEa8kwrgM/8AgTO50hEjghCWZPWcBIjcMzGyC5999d0npP6CA6Iqi3LViGCQ2DHQyrbjnw8XjKLOIqziKm7azunborPjkLVKNDduyFpTSulNANS6laBoE1B20yoqmuY0cnFVEHKNi62slogy3wwL3QU+OoxTIV0FPqZY6MXEu21kI4rFmZdNJ8CDuwCEDvix5VfKdvi3b18vrbEb+51nH7Wxd/lXfr3Wmqvv9Wr+f2aaW83HOP487LW79HbxQ/+OpbPxz+OulJiB8BuewAAAABJRU5ErkJggg==","Paper Code Technologies - Best Mobile App & Web Development Company In Delhi, India","· Software company","5.0","(66)","T-1871 D, Ashok Nagar Uppar Ridge Road Jhandewalan","· 085958 85110","⋅ Closes 6:30 pm","https://papercodetech.com/","Website","https://www.google.com/maps/dir//Paper+Code+Technologies+-+Best+Mobile+App+%26+Web+Development+Company+In+Delhi,+India,+T-1871+D,+Ashok+Nagar+Uppar+Ridge+Road+Jhandewalan,+Karol+Bagh,+New+Delhi,+Delhi+110005/data=!4m6!4m5!1m1!4e2!1m2!1m1!1s0x390d03816c8d465d:0x6b8a9a60e339e419?sa=X&ved=1t:57443&ictx=111","Directions","Open","""They were able to deliver my project on time and within budget.""","","","",""
"","Penguin Technology - DevOps & Linux Service & Computer AMC | Computer Networking Services | Email Solutions company","· Software company","4.9","(75)","Noida, Uttar Pradesh","· 085889 82487","⋅ Closes 8 pm","http://penguin-technology.com/","Website","https://www.google.com/maps/dir//2nd+Floor,+Penguin+Technology+-+DevOps+%26+Linux+Service+%26+Computer+AMC+%7C+Computer+Networking+Services+%7C+Email+Solutions+company,+Nirulas+Hotel,+Om+Complex,+opp.+Captain+Vijyant+Thapar+Marg,+Naya+Bans+Village,+Sector+15,+Noida,+Uttar+Pradesh+201301/data=!4m6!4m5!1m1!4e2!1m2!1m1!1s0x390d030557107aa7:0x7cc54316e51931aa?sa=X&ved=1t:57443&ictx=111","Directions","Open","","On-site services","·","Online appointments",""
"","Koncept Software Solutions","· Software company","5.0","(1)","98","","⋅ Closes 7 pm","https://konceptsoftwaresolutions.com/","Website","https://www.google.com/maps/dir//Koncept+Software+Solutions,+98,+Priyadarshini+Vihar,+New+Delhi,+Delhi,+110009/data=!4m6!4m5!1m1!4e2!1m2!1m1!1s0x390cfd90b07339c5:0xbe87c04669c8148e?sa=X&ved=1t:57443&ictx=111","Directions","Open","","","","",""
"","M2 Solutions","· Software company","5.0","(5)","168","· 099999 57821","","https://m2solutions.co.in/","Website","https://www.google.com/maps/dir//M2+Solutions,+168,+Old+Gupta+Colony,+Vijay+Nagar,+Delhi,+110009/data=!4m6!4m5!1m1!4e2!1m2!1m1!1s0x390cfdf4b1d22d4b:0xeb592f9a50cf71cf?sa=X&ved=1t:57443&ictx=111","Directions","Open 24 hours","","","","",""
"","Notamedia","· Software company","3.0","(2)","Office No E, D-102","· 070202 75995","⋅ Closes 7 pm","https://notamedia.com/","Website","https://www.google.com/maps/dir//Office+No+E,+Notamedia,+D-102,+Kamla+Nagar,+North+Delhi,+Delhi,+110007/data=!4m6!4m5!1m1!4e2!1m2!1m1!1s0x390cfdbd95b56d9b:0x9e47952b308351c3?sa=X&ved=1t:57443&ictx=111","Directions","Open","","","","",""
"","Top #1 Website Company in delhi","· Software company","4.5","(4)","P56H+9CP, Commercial Complex, Gopal Nagar, Model Town, near Akash Cinema","","","","","https://www.google.com/maps/dir//Top+%231+Website+Company+in+delhi,+P56H%2B9CP,+Commercial+Complex,+Gopal+Nagar,+Model+Town,+near+Akash+Cinema,+Azadpur,+Delhi,+110033/data=!4m6!4m5!1m1!4e2!1m2!1m1!1s0x390d011e517039e5:0xd7871aa892609a4c?sa=X&ved=1t:57443&ictx=111","Directions","Open 24 hours","","On-site services","·","Online appointments",""
"","Payroll Software Companies","· Software company","4.3","(8)","4/28, Ground Floor, Saraswati Marg, W.E.A, Karol Bagh","· 097111 95490","⋅ Closes 7 pm","","","https://www.google.com/maps/dir//Payroll+Software+Companies,+4%2F28,+Ground+Floor,+Saraswati+Marg,+W.E.A,+Karol+Bagh,+New+Delhi,+Delhi+110005/data=!4m6!4m5!1m1!4e2!1m2!1m1!1s0x390d029a60a72d25:0x45441d38cea092f1?sa=X&ved=1t:57443&ictx=111","Directions","Open","","","","",""
"","ETON SOLUTIONS - Mobile App Development Company, Website Designing & Development & Digital Marketing Company in Delhi,","· Software company","4.8","(35)","Gate No 1, GTB nagar metro station, 47, near Dominos","· 099535 01755","⋅ Closes 7 pm","https://etonsolutions.com/","Website","https://www.google.com/maps/dir//Gate+No+1,+ETON+SOLUTIONS+-+Mobile+App+Development+Company,+Website+Designing+%26+Development+%26+Digital+Marketing+Company+in+Delhi,,+GTB+nagar+metro+station,+47,+near+Dominos,+Delhi+110009/data=!4m6!4m5!1m1!4e2!1m2!1m1!1s0x390cfdda959c7089:0x379bba5d1419da95?sa=X&ved=1t:57443&ictx=111","Directions","Open","","On-site services","·","Online appointments",""
"","","","","","","","","","","","","","","","","",""
"","","","","","","","","","","","","","","","","",""
"","Software Development | Website Designing | Mobile App development in Delhi, India - Mindscan Software Solutions Pvt. Ltd.","· Software company","4.8","(10)","573, Aggarwal Cyber Plaza - II","· 098101 13797","⋅ Closes 7:30 pm","http://www.mindscansoftware.com/","Website","https://www.google.com/maps/dir//Software+Development+%7C+Website+Designing+%7C+Mobile+App+development+in+Delhi,+India+-+Mindscan+Software+Solutions+Pvt.+Ltd.,+573,+Aggarwal+Cyber+Plaza+-+II,+Netaji+Subhash+Place,+NSP,+New+Delhi,+Delhi+110034/data=!4m6!4m5!1m1!4e2!1m2!1m1!1s0x390d0150ec363ea9:0x4b415afe7cccdd0a?sa=X&ved=1t:57443&ictx=111","Directions","Open","","","","",""
"https://ssl.gstatic.com/local/servicebusiness/default_user.png","PCC Softech Pvt. Ltd.","· Software company","4.0","(21)","890, 8th Floor, AGGARWAL MILLENIUM TOWER, 2","· 011 4706 4605","⋅ Closes 6 pm","http://www.pccsoftech.com/","Website","https://www.google.com/maps/dir//890,+8th+Floor,+PCC+Softech+Pvt.+Ltd.,+AGGARWAL+MILLENIUM+TOWER,+2,+Netaji+Subhash+Place,+New+Delhi,+Delhi+110034/data=!4m6!4m5!1m1!4e2!1m2!1m1!1s0x390d02330b192f01:0xbeebcea54d702103?sa=X&ved=1t:57443&ictx=111","Directions","Open","""A good organisation to work with.""","","","",""
"","Growmysites - Best eCommerce Website Design and Development in Delhi, India | Best App development company in Delhi, india","· Software company","4.8","(16)","Sangam Vihar Gali Number 1","· 090849 86817","⋅ Closes 5 pm","https://growmysites.com/","Website","https://www.google.com/maps/dir//Growmysites+-+Best+eCommerce+Website+Design+and+Development+in+Delhi,+India+%7C+Best+App+development+company+in+Delhi,+india,+Sangam+Vihar+Gali+Number+1,+Wazirabad,+Delhi,+110084/data=!4m6!4m5!1m1!4e2!1m2!1m1!1s0xa61fd89909059033:0xb526b6fbda0618e5?sa=X&ved=1t:57443&ictx=111","Directions","Open","","On-site services","·","Online appointments",""
"","Bizwiz","· Software company","4.8","(2K)","· 088008 80668","","⋅ Closes 8 pm","https://bizwiz.co.in/","Website","","","Open","","Online classes","","",""
"","MATEBIZ ï¸","Â· Software company","4.8","(207)","Unit No. 301, 3rd Floor, NDM-1","Â· 088605 22244","","https://www.matebiz.com/","Website","https://www.google.com/maps/dir//Unit+No.+301,+3rd+Floor,+MATEBIZ+%EF%B8%8F,+NDM-1,+Netaji+Subhash+Place,+Pitampura,+New+Delhi,+Delhi+110034/data=!4m6!4m5!1m1!4e2!1m2!1m1!1s0x390d019156516583:0x5c781e0cb68784d0?sa=X&ved=1t:57443&ictx=111","Directions","Open 24 hours","","On-site services","Â·","Online appointments",""
"https://ssl.gstatic.com/local/servicebusiness/default_user.png","BNG Infotech Private Limited","· Software company","4.5","(64)","509-511 Gagandeep Building","· 081006 41006","⋅ Closes 6 pm","https://www.bng.co.in/","Website","https://www.google.com/maps/dir//BNG+Infotech+Private+Limited,+509-511+Gagandeep+Building,+Rajendra+Place,+New+Delhi,+Delhi+110008/data=!4m6!4m5!1m1!4e2!1m2!1m1!1s0x390ce2057bffffff:0xf06d7af97c56445a?sa=X&ved=1t:57443&ictx=111","Directions","Open","""It's the best  specially for the freshers to start their careers""","","","",""
"","Tsc, GODEX Barcode Printers,Label,Barcoding Software with excel connectivity, Catalog design & printing","· Software company","5.0","(107)","7644, Near Darvesh Corner, GT Rd, near AMBA Cinema","· 098180 14878","⋅ Closes 8 pm","http://www.barcodeprintsolution.in/","Website","https://www.google.com/maps/dir//Tsc,+GODEX+Barcode+Printers,Label,Barcoding+Software+with+excel+connectivity,+Catalog+design+%26+printing,+7644,+Near+Darvesh+Corner,+GT+Rd,+near+AMBA+Cinema,+Kamla+Nagar,+New+Delhi,+Delhi+110007/data=!4m6!4m5!1m1!4e2!1m2!1m1!1s0x390d1d8624e5179d:0xc08d84518ca9db4c?sa=X&ved=1t:57443&ictx=111","Directions","Open","","On-site services","·","Online appointments",""
"","Busy Infotech Pvt. Ltd.","· Software company","4.7","(191)","3, Rani Jhansi Rd","· 011 4096 4096","⋅ Closes 7 pm","https://busy.in/","Website","https://www.google.com/maps/dir//Busy+Infotech+Pvt.+Ltd.,+3,+Rani+Jhansi+Rd,+Block+E+4,+Jhandewalan+Extension,+New+Delhi,+Delhi+110055/data=!4m6!4m5!1m1!4e2!1m2!1m1!1s0x390cfdc8ba7736bb:0x3794c63e43750fe5?sa=X&ved=1t:57443&ictx=111","Directions","Open","","On-site services","","",""
"","ğ—”ğ—½ğ—½ğ˜€ğğ—¹ğ˜‚ğ˜€ğ—ªğ—²ğ—¯ - ğ— ğ—¼ğ—¯ğ—¶ğ—¹ğ—² ğ—”ğ—½ğ—½ ğ——ğ—²ğ¯ğ—²ğ—¹ğ—¼ğ—½ğ—ºğ—²ğ—»ğ˜ ğ—–ğ—¼ğ—ºğ—½ğ—®ğ—»ğ˜† ğ—¶ğ—» ğ——ğ—²ğ—¹ğ—µğ—¶ | ğ—¶ğ—¢ğ—¦ ğ—®ğ—»ğ—± ğ—”ğ—»ğ—±ğ—¿ğ—¼ğ—¶ğ—± ğ—”ğ—½ğ—½ ğ——ğ—²ğ¯ğ—²ğ—¹ğ—¼ğ—½ğ—ºğ—²ğ—»ğ˜ ğ—–ğ—¼ğ—ºğ—½ğ—®ğ—»ğ˜† ğ—¶ğ—» ğ——ğ—²ğ—¹ğ—µğ—¶","Â· Software company","5.0","(20)","1112, 11th Floor, Tower - 2, Pearls Omaxe Tower","Â· 098997 78847","","https://www.appsplusweb.com/","Website","https://www.google.com/maps/dir//1112,+11th+Floor,+Tower+-+2,+%F0%9D%97%94%F0%9D%97%BD%F0%9D%97%BD%F0%9D%98%80%F0%9D%90%8F%F0%9D%97%B9%F0%9D%98%82%F0%9D%98%80%F0%9D%97%AA%F0%9D%97%B2%F0%9D%97%AF+-+%F0%9D%97%A0%F0%9D%97%BC%F0%9D%97%AF%F0%9D%97%B6%F0%9D%97%B9%F0%9D%97%B2+%F0%9D%97%94%F0%9D%97%BD%F0%9D%97%BD+%F0%9D%97%97%F0%9D%97%B2%F0%9D%90%AF%F0%9D%97%B2%F0%9D%97%B9%F0%9D%97%BC%F0%9D%97%BD%F0%9D%97%BA%F0%9D%97%B2%F0%9D%97%BB%F0%9D%98%81+%F0%9D%97%96%F0%9D%97%BC%F0%9D%97%BA%F0%9D%97%BD%F0%9D%97%AE%F0%9D%97%BB%F0%9D%98%86+%F0%9D%97%B6%F0%9D%97%BB+%F0%9D%97%97%F0%9D%97%B2%F0%9D%97%B9%F0%9D%97%B5%F0%9D%97%B6+%7C+%F0%9D%97%B6%F0%9D%97%A2%F0%9D%97%A6+%F0%9D%97%AE%F0%9D%97%BB%F0%9D%97%B1+%F0%9D%97%94%F0%9D%97%BB%F0%9D%97%B1%F0%9D%97%BF%F0%9D%97%BC%F0%9D%97%B6%F0%9D%97%B1+%F0%9D%97%94%F0%9D%97%BD%F0%9D%97%BD+%F0%9D%97%97%F0%9D%97%B2%F0%9D%90%AF%F0%9D%97%B2%F0%9D%97%B9%F0%9D%97%BC%F0%9D%97%BD%F0%9D%97%BA%F0%9D%97%B2%F0%9D%97%BB%F0%9D%98%81+%F0%9D%97%96%F0%9D%97%BC%F0%9D%97%BA%F0%9D%97%BD%F0%9D%97%AE%F0%9D%97%BB%F0%9D%98%86+%F0%9D%97%B6%F0%9D%97%BB+%F0%9D%97%97%F0%9D%97%B2%F0%9D%97%B9%F0%9D%97%B5%F0%9D%97%B6,+Pearls+Omaxe+Tower,+Netaji+Subhash+Place,+Pitampura,+New+Delhi,+Delhi+110034/data=!4m6!4m5!1m1!4e2!1m2!1m1!1s0x390d03cc5b4c0963:0x58bb29bd0a53a839?sa=X&ved=1t:57443&ictx=111","Directions","Open 24 hours","","On-site services","Â·","Online appointments",""
"","Dimraj Technologies","· Software company","5.0","(1)","2959","· 095609 80296","⋅ Closes 7 pm","https://dimrajtechnologies.com/","Website","https://www.google.com/maps/dir//Dimraj+Technologies,+2959,+Arya+Pura,+Subzi+Mandi,+Delhi,+110007/data=!4m6!4m5!1m1!4e2!1m2!1m1!1s0x390cfdf4155f06bb:0x65009ebaa619eb81?sa=X&ved=1t:57443&ictx=111","Directions","Open","","On-site services","·","Online appointments",""
"https://ssl.gstatic.com/local/servicebusiness/default_user.png","Fastor7 Technology","· Software company","4.4","(5)","B-6/2","· 095554 04000","","https://fastor.ai/","Website","https://www.google.com/maps/dir//Fastor7+Technology,+B-6%2F2,+Model+Town+1,+Mukherjee+Nagar,+New+Delhi,+Delhi+110009/data=!4m6!4m5!1m1!4e2!1m2!1m1!1s0x390d038d7f5adf2d:0x595dce9fd8f4b2c?sa=X&ved=1t:57443&ictx=111","Directions","Open 24 hours","""They provide excellent services""","","","",""
"","Saraswati Accountants Software Pvt. Ltd. |Tally Prime | Tally Cloud | Tally Renewal | Tally Customization & Training|","· Software company","4.9","(4.7K)","807, 8th floor, Vikrant Tower-4","· 011 4766 0000","⋅ Closes 6:30 pm","http://www.saraswatiaccountants.com/","Website","https://www.google.com/maps/dir//807,+8th+floor,+Saraswati+Accountants+Software+Pvt.+Ltd.+%7CTally+Prime+%7C+Tally+Cloud+%7C+Tally+Renewal+%7C+Tally+Customization+%26+Training%7C,+Vikrant+Tower-4,+Rajendra+Place,+New+Delhi,+Delhi+110008/data=!4m6!4m5!1m1!4e2!1m2!1m1!1s0x390d0296efffffff:0x6c757121ee69b18c?sa=X&ved=1t:57443&ictx=111","Directions","Open","","On-site services","·","Online appointments",""
"https://ssl.gstatic.com/local/servicebusiness/default_user.png","Gseven Computer Business Pvt. Ltd. | Tally Services in Delhi","· Software company","4.8","(1.9K)","Anupam Bhawan, 205, near Akash cinemas","· 011 4761 2345","⋅ Closes 6:30 pm","http://www.gseven.in/","Website","https://www.google.com/maps/dir//Gseven+Computer+Business+Pvt.+Ltd.+%7C+Tally+Services+in+Delhi,+Anupam+Bhawan,+205,+near+Akash+cinemas,+Commercial+Complex,+Azadpur,+New+Delhi,+Delhi+110033/data=!4m6!4m5!1m1!4e2!1m2!1m1!1s0x390d02197d855555:0xb84a16453d039af7?sa=X&ved=1t:57443&ictx=111","Directions","Open","""prompt and perfect solution & excellent service support.""","","","",""
"","Defuzed - Web & Mobile App Development Company in Delhi","· Software company","5.0","(22)","407, Aggarwal Cyber Plaza, Netaji Subhash Place","· 099906 10005","⋅ Closes 7 pm","https://www.defuzed.in/","Website","https://www.google.com/maps/dir//Defuzed+-+Web+%26+Mobile+App+Development+Company+in+Delhi,+407,+Aggarwal+Cyber+Plaza,+Netaji+Subhash+Place,+New+Delhi,+Delhi+110034/data=!4m6!4m5!1m1!4e2!1m2!1m1!1s0x390d023384e0f075:0x931f9834cdab3ff6?sa=X&ved=1t:57443&ictx=111","Directions","Open","","","","",""
"","Igoko Avionics Solutions Pvt Ltd","· Software company","4.9","(65)","M6Q7+4J9","","⋅ Opens 9 am Thu","https://www.igasolutions.in/","Website","https://www.google.com/maps/dir//M6Q7%2B4J9+Igoko+Avionics+Solutions+Pvt+Ltd,+Faculty+of+Science,+University+Enclave,+Delhi,+110007/data=!4m6!4m5!1m1!4e2!1m2!1m1!1s0x390cf55ba84f530b:0x8c77ca3d457c6d0f?sa=X&ved=1t:57443&ictx=111","Directions","Closed","","On-site services","·","Online appointments",""
"https://ssl.gstatic.com/local/servicebusiness/default_user.png","Flash On Mind","· Software company","4.8","(8)","62, 3rd Floor","· 098110 11248","⋅ Closes 6 pm","","","https://www.google.com/maps/dir//Flash+On+Mind,+62,+3rd+Floor,+Vivekanand+Puri,+New+Delhi,+Delhi+110007/data=!4m6!4m5!1m1!4e2!1m2!1m1!1s0x390d027e789b9be7:0xeb3c5859b52aa4bc?sa=X&ved=1t:57443&ictx=111","Directions","Open","""It is the best IT service provider.""","","","",""
"","Micro Mind® Digital Marketing Agency in Delhi","· Software company","4.8","(36)","3rd Floor, 14B/18","· 098183 53030","","http://micromind.in/","Website","https://www.google.com/maps/dir//3rd+Floor,+Micro+Mind%C2%AE+Digital+Marketing+Agency+in+Delhi,+14B%2F18,+Dev+Nagar,+Karol+Bagh,+New+Delhi,+Delhi+110005/data=!4m6!4m5!1m1!4e2!1m2!1m1!1s0x390d029cf3d42055:0x568de645f31e31dd?sa=X&ved=1t:57443&ictx=111","Directions","Open 24 hours","","On-site services","·","Online appointments",""
"https://ssl.gstatic.com/local/servicebusiness/default_user.png","One Card Solution Pvt Ltd","· Software company","3.2","(32)","E 174","· 098116 06909","⋅ Closes 7 pm","http://www.1cardsolution.com/","Website","https://www.google.com/maps/dir//One+Card+Solution+Pvt+Ltd,+E+174,+Kamla+Nagar,+New+Delhi,+Delhi+110007/data=!4m6!4m5!1m1!4e2!1m2!1m1!1s0x390cfd309eebed77:0xf115e3e644f0ce5f?sa=X&ved=1t:57443&ictx=111","Directions","Open","""Good response""","","","",""
"","Digitally Bird | Best eCommerce Website Design and Development company in Delhi, India","· Software company","4.8","(135)","Third Floor, Shiv Market, 501/A, Roshni Complex, Ashok Vihar Phase 1 Rd","· 097175 00603","","https://digitallybird.com/","Website","https://www.google.com/maps/dir//Third+Floor,+Digitally+Bird+%7C+Best+eCommerce+Website+Design+and+Development+company+in+Delhi,+India,+Shiv+Market,+501%2FA,+Roshni+Complex,+Ashok+Vihar+Phase+1+Rd,+Delhi,+110052/data=!4m6!4m5!1m1!4e2!1m2!1m1!1s0x390d03f9afd36279:0xf077ee3edd5d689b?sa=X&ved=1t:57443&ictx=111","Directions","Open 24 hours","","On-site services","·","Online appointments",""
"","Zedsoftpoint","· Software company","4.4","(23)","New Delhi, Delhi","· 099991 86738","⋅ Closes 5 pm","https://zedsoftpoint.com/","Website","https://www.google.com/maps/dir//Zedsoftpoint,+Shastri+Park,+Shahdara,+New+Delhi,+Delhi+110053/data=!4m6!4m5!1m1!4e2!1m2!1m1!1s0x390cfde3d129e97b:0xf8d5b235557c6cfb?sa=X&ved=1t:57443&ictx=111","Directions","Open","","On-site services","·","Online appointments",""
"https://ssl.gstatic.com/local/servicebusiness/default_user.png","Iraitech | Software Development Company","· Software company","4.2","(23)","Central Square Complex 3, Unit No-1051, 1st Floor, Near Filmistan, DCM chowk","· 081301 04108","⋅ Closes 6 pm","https://www.iraitech.com/","Website","https://www.google.com/maps/dir//Iraitech+%7C+Software+Development+Company,+Central+Square+Complex+3,+Unit+No-1051,+1st+Floor,+Near+Filmistan,+DCM+chowk,+Bara+Hindu+Rao,+Kishan+Ganj,+Delhi,+110006/data=!4m6!4m5!1m1!4e2!1m2!1m1!1s0x390d03d2e32b8b3b:0x82fa2b6b795ab600?sa=X&ved=1t:57443&ictx=111","Directions","Open","""They work with perfect management and perfect manner.""","","","",""
"https://ssl.gstatic.com/local/servicebusiness/default_user.png","SAVENZER SOFTTECH PVT. LTD.","· Software company","5.0","(8)","4/41 second floor, Kalyan Vihar Rd","· 070047 76993","⋅ Closes 8:30 pm","https://www.savenzer.in/","Website","https://www.google.com/maps/dir//SAVENZER+SOFTTECH+PVT.+LTD.,+4%2F41+second+floor,+Kalyan+Vihar+Rd,+Vijay+Nagar,+New+Delhi,+Delhi+110009/data=!4m6!4m5!1m1!4e2!1m2!1m1!1s0x390cfdec10f01985:0x9272db9c09b640a?sa=X&ved=1t:57443&ictx=111","Directions","Open","""They have provided great project support and digital marketing...""","","","",""
"https://ssl.gstatic.com/local/servicebusiness/default_user.png","Andri Infotech","· Software company","4.9","(112)","· 070801 87747","","⋅ Closes 9 pm","https://www.andriinfotech.com/","Website","","","Open","""Superb designing and development very experienced and professional staff..""","","","",""
"https://ssl.gstatic.com/local/servicebusiness/default_user.png","Omniscient IT Solutions Pvt. Ltd","· Software company","4.4","(49)","4, 28, Saraswati Marg","098110 27310","","https://www.omniscientitsolutions.com/","Website","https://www.google.com/maps/dir//4,+Omniscient+IT+Solutions+Pvt.+Ltd,+28,+Saraswati+Marg,+WEA,+Karol+Bagh,+New+Delhi,+Delhi+110005/data=!4m6!4m5!1m1!4e2!1m2!1m1!1s0x390d02992fada203:0xb1d983e4fc5e01ef?sa=X&ved=1t:57443&ictx=111","Directions","","""Very professional, ethical and honest company to deal with.""","","","",""
"","SoftiCation Technology Pvt. Ltd.","· Software company","4.8","(115)","Vipin Houese, A-20, near V3S MALL","","⋅ Closes 6 pm","https://www.softication.com/","Website","https://www.google.com/maps/dir//SoftiCation+Technology+Pvt.+Ltd.,+Vipin+Houese,+A-20,+near+V3S+MALL,+Nirman+Vihar,+New+Delhi,+Delhi+110092/data=!4m6!4m5!1m1!4e2!1m2!1m1!1s0x390ce53481761be1:0x1aafac47f908e48e?sa=X&ved=1t:57443&ictx=111","Directions","Open","","On-site services","·","Online appointments",""
"https://ssl.gstatic.com/local/servicebusiness/default_user.png","Paper Code Technologies - Best Mobile App & Web Development Company In Delhi, India","· Software company","5.0","(66)","T-1871 D, Ashok Nagar Uppar Ridge Road Jhandewalan","· 085958 85110","⋅ Closes 6:30 pm","https://papercodetech.com/","Website","https://www.google.com/maps/dir//Paper+Code+Technologies+-+Best+Mobile+App+%26+Web+Development+Company+In+Delhi,+India,+T-1871+D,+Ashok+Nagar+Uppar+Ridge+Road+Jhandewalan,+Karol+Bagh,+New+Delhi,+Delhi+110005/data=!4m6!4m5!1m1!4e2!1m2!1m1!1s0x390d03816c8d465d:0x6b8a9a60e339e419?sa=X&ved=1t:57443&ictx=111","Directions","Open","""They were able to deliver my project on time and within budget.""","","","",""
"","Software Development | Website Designing | Mobile App development in Delhi, India - Mindscan Software Solutions Pvt. Ltd.","· Software company","4.8","(10)","573, Aggarwal Cyber Plaza - II","· 098101 13797","⋅ Closes 7:30 pm","http://www.mindscansoftware.com/","Website","https://www.google.com/maps/dir//Software+Development+%7C+Website+Designing+%7C+Mobile+App+development+in+Delhi,+India+-+Mindscan+Software+Solutions+Pvt.+Ltd.,+573,+Aggarwal+Cyber+Plaza+-+II,+Netaji+Subhash+Place,+NSP,+New+Delhi,+Delhi+110034/data=!4m6!4m5!1m1!4e2!1m2!1m1!1s0x390d0150ec363ea9:0x4b415afe7cccdd0a?sa=X&ved=1t:57443&ictx=111","Directions","Open","","","","",""
"https://ssl.gstatic.com/local/servicebusiness/default_user.png","Bagwar Softwares Private Limited - Web Development Company in Delhi","· Software company","4.1","(40)","C-16, IInd Floor Guru Nanak Pura Laxmi Nagar","· 099587 88221","⋅ Closes 6:30 pm","","","https://www.google.com/maps/dir//Bagwar+Softwares+Private+Limited+-+Web+Development+Company+in+Delhi,+C-16,+IInd+Floor+Guru+Nanak+Pura+Laxmi+Nagar,+Delhi,+110092/data=!4m6!4m5!1m1!4e2!1m2!1m1!1s0x390ce8ba81555555:0xbba51d56423ab0ea?sa=X&ved=1t:57443&ictx=111","Directions","Open","""They complete work before time.""","","","",""
"","","","","","","","","","","","","","","","","",""
"","ğ—”ğ—½ğ—½ğ˜€ğğ—¹ğ˜‚ğ˜€ğ—ªğ—²ğ—¯ - ğ— ğ—¼ğ—¯ğ—¶ğ—¹ğ—² ğ—”ğ—½ğ—½ ğ——ğ—²ğ¯ğ—²ğ—¹ğ—¼ğ—½ğ—ºğ—²ğ—»ğ˜ ğ—–ğ—¼ğ—ºğ—½ğ—®ğ—»ğ˜† ğ—¶ğ—» ğ——ğ—²ğ—¹ğ—µğ—¶ | ğ—¶ğ—¢ğ—¦ ğ—®ğ—»ğ—± ğ—”ğ—»ğ—±ğ—¿ğ—¼ğ—¶ğ—± ğ—”ğ—½ğ—½ ğ——ğ—²ğ¯ğ—²ğ—¹ğ—¼ğ—½ğ—ºğ—²ğ—»ğ˜ ğ—–ğ—¼ğ—ºğ—½ğ—®ğ—»ğ˜† ğ—¶ğ—» ğ——ğ—²ğ—¹ğ—µğ—¶","Â· Software company","5.0","(20)","1112, 11th Floor, Tower - 2, Pearls Omaxe Tower","Â· 098997 78847","","https://www.appsplusweb.com/","Website","https://www.google.com/maps/dir//1112,+11th+Floor,+Tower+-+2,+%F0%9D%97%94%F0%9D%97%BD%F0%9D%97%BD%F0%9D%98%80%F0%9D%90%8F%F0%9D%97%B9%F0%9D%98%82%F0%9D%98%80%F0%9D%97%AA%F0%9D%97%B2%F0%9D%97%AF+-+%F0%9D%97%A0%F0%9D%97%BC%F0%9D%97%AF%F0%9D%97%B6%F0%9D%97%B9%F0%9D%97%B2+%F0%9D%97%94%F0%9D%97%BD%F0%9D%97%BD+%F0%9D%97%97%F0%9D%97%B2%F0%9D%90%AF%F0%9D%97%B2%F0%9D%97%B9%F0%9D%97%BC%F0%9D%97%BD%F0%9D%97%BA%F0%9D%97%B2%F0%9D%97%BB%F0%9D%98%81+%F0%9D%97%96%F0%9D%97%BC%F0%9D%97%BA%F0%9D%97%BD%F0%9D%97%AE%F0%9D%97%BB%F0%9D%98%86+%F0%9D%97%B6%F0%9D%97%BB+%F0%9D%97%97%F0%9D%97%B2%F0%9D%97%B9%F0%9D%97%B5%F0%9D%97%B6+%7C+%F0%9D%97%B6%F0%9D%97%A2%F0%9D%97%A6+%F0%9D%97%AE%F0%9D%97%BB%F0%9D%97%B1+%F0%9D%97%94%F0%9D%97%BB%F0%9D%97%B1%F0%9D%97%BF%F0%9D%97%BC%F0%9D%97%B6%F0%9D%97%B1+%F0%9D%97%94%F0%9D%97%BD%F0%9D%97%BD+%F0%9D%97%97%F0%9D%97%B2%F0%9D%90%AF%F0%9D%97%B2%F0%9D%97%B9%F0%9D%97%BC%F0%9D%97%BD%F0%9D%97%BA%F0%9D%97%B2%F0%9D%97%BB%F0%9D%98%81+%F0%9D%97%96%F0%9D%97%BC%F0%9D%97%BA%F0%9D%97%BD%F0%9D%97%AE%F0%9D%97%BB%F0%9D%98%86+%F0%9D%97%B6%F0%9D%97%BB+%F0%9D%97%97%F0%9D%97%B2%F0%9D%97%B9%F0%9D%97%B5%F0%9D%97%B6,+Pearls+Omaxe+Tower,+Netaji+Subhash+Place,+Pitampura,+New+Delhi,+Delhi+110034/data=!4m6!4m5!1m1!4e2!1m2!1m1!1s0x390d03cc5b4c0963:0x58bb29bd0a53a839?sa=X&ved=1t:57443&ictx=111","Directions","Open 24 hours","","On-site services","Â·","Online appointments",""
"","SriRam Soft Solutions Pvt. Ltd. - PHP Web Development | Woocommerce Services | Social Media Marketing Agency in Delhi","· Software company","4.6","(141)","East Delhi, Delhi","· 093120 02152","⋅ Closes 9:30 pm","https://www.sriramsoft.com/","Website","https://www.google.com/maps/dir//SriRam+Soft+Solutions+Pvt.+Ltd.+-+PHP+Web+Development+%7C+Woocommerce+Services+%7C+Social+Media+Marketing+Agency+in+Delhi,+135-A,+2nd+Floor,+Jheel+Khurenja,+Geeta+Colony,+East+Delhi,+Delhi+110051/data=!4m6!4m5!1m1!4e2!1m2!1m1!1s0x390cfc9746140d51:0xc0da73b6be3a50c3?sa=X&ved=1t:57443&ictx=111","Directions","Open","","On-site services","·","Online appointments",""
"","Tech Variant - website design company in delhi & digital Marketing company in delhi","· Software company","4.6","(14)","gate number 3, azadepur metro station, A-98, near by Model Town 3rd Main Road","· 078276 75008","⋅ Closes 6:30 pm","https://techvariant.in/","Website","https://www.google.com/maps/dir//gate+number+3,+Tech+Variant+-+website+design+company+in+delhi+%26+digital+Marketing+company+in+delhi,+azadepur+metro+station,+A-98,+near+by+Model+Town+3rd+Main+Road,+Delhi,+110033/data=!4m6!4m5!1m1!4e2!1m2!1m1!1s0x4161323ce464adf:0x348e55fa937d43a5?sa=X&ved=1t:57443&ictx=111","Directions","Open","","On-site services","","",""
"https://ssl.gstatic.com/local/servicebusiness/default_user.png","MLM Software Developer in Delhi | MLM Software Company","· Software company","5.0","(9)","M-52,Third Floor Gali no.4 New Mahavir Nagar","· 070373 95111","","https://mlmsoftwarecompany.in/","Website","https://www.google.com/maps/dir//MLM+Software+Developer+in+Delhi+%7C+MLM+Software+Company,+M-52,Third+Floor+Gali+no.4+New+Mahavir+Nagar,+Delhi,+110018/data=!4m6!4m5!1m1!4e2!1m2!1m1!1s0x390d03f8b7ebd4db:0x52ec96141c0a5b2b?sa=X&ved=1t:57443&ictx=111","Directions","Open 24 hours","""Excellent service provider...Customer satisfaction 100% 😊""","","","",""
"","The Nth Bit Labs -Hire software development company in India | Custom software development | Web App, Mobile Apps development","· Software company","4.8","(6)","SF-6, Pearls Omaxe Tower","· 098100 89684","⋅ Closes 7 pm","https://thenthbit.com/","Website","https://www.google.com/maps/dir//SF-6,+The+Nth+Bit+Labs+-Hire+software+development+company+in+India+%7C+Custom+software+development+%7C+Web+App,+Mobile+Apps+development,+Pearls+Omaxe+Tower,+Netaji+Subhash+Place,+Delhi,+110034/data=!4m6!4m5!1m1!4e2!1m2!1m1!1s0x390d03cd07aa5d17:0xf54ff7d3039cc741?sa=X&ved=1t:57443&ictx=111","Directions","Open","","Online appointments","·","On-site services not available",""
"","Thridify","· Software company","5.0","(3)","8/3","· 096677 47082","","https://www.thridify.store/","Website","https://www.google.com/maps/dir//Thridify,+8%2F3,+Roop+Nagar,+Delhi,+110007/data=!4m6!4m5!1m1!4e2!1m2!1m1!1s0x390cfd97eb8f367f:0xc215d2a4cc659c3c?sa=X&ved=1t:57443&ictx=111","Directions","Open 24 hours","","On-site services","·","Online appointments",""
"","Digital Marketing Agency, Software Development Company, SEO Services Company in Delhi","· Software company","5.0","(1)","1711/57, IInd Floor, Arya Samaj Rd","· 098183 53030","","https://www.micromind.in/","Website","https://www.google.com/maps/dir//Digital+Marketing+Agency,+Software+Development+Company,+SEO+Services+Company+in+Delhi,+1711%2F57,+IInd+Floor,+Arya+Samaj+Rd,+Naiwala,+Karol+Bagh,+Delhi,+110005/data=!4m6!4m5!1m1!4e2!1m2!1m1!1s0x390d029e86892d4b:0x43f6d8a6351244ff?sa=X&ved=1t:57443&ictx=111","Directions","Open 24 hours","","","","",""
"","Website Designer in Delhi - Creative Spark","· Software company","4.8","(6)","","","⋅ Closes 7 pm","http://www.creativesparksolutions.com/","Website","","","Open","","Online appointments","","",""
"https://ssl.gstatic.com/local/servicebusiness/default_user.png","Weblink.In Pvt. Ltd.","· Software company","4.5","(363)","Metro Station Kirti Nagar, 33 & 33A, Rama Rd, near Kirti Nagar","· 011 4142 8131","⋅ Closes 6 pm","https://www.weblink.in/","Website","https://www.google.com/maps/dir//Weblink.In+Pvt.+Ltd.,+Metro+Station+Kirti+Nagar,+33+%26+33A,+Rama+Rd,+near+Kirti+Nagar,+Karampura+Industrial+Area,+New+Delhi,+Delhi+110015/data=!4m6!4m5!1m1!4e2!1m2!1m1!1s0x390d0306cabfffff:0x9fa4b4800dedcdc4?sa=X&ved=1t:57443&ictx=111","Directions","Open","""Excellent work and service for website design and development.""","","","",""
"","SAM Web Studio","· Software company","4.8","(173)","Block 8, Plot no-68, Second Floor","· 099683 53570","⋅ Closes 6:30 pm","https://www.samwebstudio.com/","Website","https://www.google.com/maps/dir//SAM+Web+Studio,+Block+8,+Plot+no-68,+Second+Floor,+South+Patel+Nagar,+New+Delhi,+Delhi+110008/data=!4m6!4m5!1m1!4e2!1m2!1m1!1s0x390d02ef1d6d6159:0x15037bd28ff5cf3c?sa=X&ved=1t:57443&ictx=111","Directions","Open","","On-site services","·","Online appointments",""
"","Mobile Skin Software","· Software company","4.8","(127)","47, Rani Jhansi Rd","· 095552 63344","⋅ Closes 6:30 pm","http://mobileskinsoftware.com/","Website","https://www.google.com/maps/dir//Mobile+Skin+Software,+47,+Rani+Jhansi+Rd,+Jhandewalan,+New+Delhi,+Delhi+110055/data=!4m6!4m5!1m1!4e2!1m2!1m1!1s0x390cfd70b433e111:0x8c8261fbf99a71fb?sa=X&ved=1t:57443&ictx=111","Directions","Open","","On-site services","·","Online appointments",""
"https://ssl.gstatic.com/local/servicebusiness/default_user.png","Aquevix Solutions Pvt Ltd.","· Software company","3.6","(32)","New Delhi, Delhi","· 011 4560 0412","⋅ Closes 7:30 pm","http://www.aquevix.com/","Website","https://www.google.com/maps/dir//Aquevix+Solutions+Pvt+Ltd.,+Netaji+Subhash+Place,+New+Delhi,+Delhi/data=!4m6!4m5!1m1!4e2!1m2!1m1!1s0x390d0283b723a1a3:0x192380131528228c?sa=X&ved=1t:57443&ictx=111","Directions","Open","""I really learned a lot here and this company literally makes careers!""","","","",""
"","STARTUPWAY24 IT SERVICES PVT. LTD.","· Software company","5.0","(2)","MAKI SARAY, A- 160, Delhi Metro Red Line, near Metro Station Shahdara","","⋅ Closes 7 pm","http://startupway24.com/","Website","https://www.google.com/maps/dir//STARTUPWAY24+IT+SERVICES+PVT.+LTD.,+MAKI+SARAY,+A-+160,+Delhi+Metro+Red+Line,+near+Metro+Station+Shahdara,+Shahdara,+Delhi,+110032/data=!4m6!4m5!1m1!4e2!1m2!1m1!1s0x390cfb001e10cddf:0x5553b768bb09c964?sa=X&ved=1t:57443&ictx=111","Directions","Open","","On-site services","","",""
"https://ssl.gstatic.com/local/servicebusiness/default_user.png","Marquee-Equity","· Software company","4.5","(429)","224, Munish Plaza, Ansari Rd","· +1 213-600-7272","⋅ Closes 11 pm","https://www.marquee-equity.com/","Website","https://www.google.com/maps/dir//224,+Marquee-Equity,+Munish+Plaza,+Ansari+Rd,+Daryaganj,+New+Delhi,+Delhi+110002/data=!4m6!4m5!1m1!4e2!1m2!1m1!1s0x390ce1fe77cba6dd:0x63c1d588b9d0bd2e?sa=X&ved=1t:57443&ictx=111","Directions","Open","""They follow thru on their commitments and provide feedback when asked.""","","","",""
"","Appslure WebSolutions | Mobile App Development Company in Delhi | iOS, Android App Development Company","· Software company","5.0","(22)","1113, 11th Floor, Tower - 2, Pearls Omaxe Tower","· 085958 45996","⋅ Closes 7 pm","https://www.appslure.com/","Website","https://www.google.com/maps/dir//1113,+11th+Floor,+Tower+-+2,+Appslure+WebSolutions+%7C+Mobile+App+Development+Company+in+Delhi+%7C+iOS,+Android+App+Development+Company,+Pearls+Omaxe+Tower,+Netaji+Subhash+Place,+Pitampura,+New+Delhi,+Delhi+110034/data=!4m6!4m5!1m1!4e2!1m2!1m1!1s0x390d03cd670898df:0xb689ce8289d9bb71?sa=X&ved=1t:57443&ictx=111","Directions","Open","","On-site services","·","Online appointments",""
"","WeblinkIndia.Net","· Software company","3.7","(1.3K)","33 & 33A, Near Kirti Nagar Metro Station, Rama Rd","· 098119 48545","⋅ Closes 6 pm","https://www.weblinkindia.net/","Website","https://www.google.com/maps/dir//WeblinkIndia.Net,+33+%26+33A,+Near+Kirti+Nagar+Metro+Station,+Rama+Rd,+Karampura+Industrial+Area,+New+Delhi,+Delhi+110015/data=!4m6!4m5!1m1!4e2!1m2!1m1!1s0x390d02ff00453f1b:0x265969bbadd5b055?sa=X&ved=1t:57443&ictx=111","Directions","Open","","On-site services","","",""
"","SriRam Soft Trade Solutions - Shopify & Ecommerce Website Development Company in Delhi","· Software company","4.7","(135)","18, near navjeevan nursing home","· 099906 99492","⋅ Closes 9 pm","https://www.sriramtrade.com/","Website","https://www.google.com/maps/dir//SriRam+Soft+Trade+Solutions+-+Shopify+%26+Ecommerce+Website+Development+Company+in+Delhi,+18,+near+navjeevan+nursing+home,+Shiv+Puri,+Extension,+Delhi,+110051/data=!4m6!4m5!1m1!4e2!1m2!1m1!1s0x390cfc9744af5375:0x1151bdeb98ee1e81?sa=X&ved=1t:57443&ictx=111","Directions","Open","","On-site services","·","Online appointments",""
"https://ssl.gstatic.com/local/servicebusiness/default_user.png","Freak X Games - HTML5 Game Development Company in Delhi","· Software company","4.9","(34)","5th floor, Freak X Games, HB TWIN TOWER","","⋅ Closes 7:30 pm","https://freakxgames.com/","Website","https://www.google.com/maps/dir//5th+floor,+Freak+X+Games+-+HTML5+Game+Development+Company+in+Delhi,+Freak+X+Games,+HB+TWIN+TOWER,+Netaji+Subhash+Place,+Pitampura,+Delhi,+110034/data=!4m6!4m5!1m1!4e2!1m2!1m1!1s0x390d0233842461f3:0xc4b67ce02079279f?sa=X&ved=1t:57443&ictx=111","Directions","Open","""Excellent team work, the dedication towards the projects is just amazing.""","","","",""
"","ANK Development- eCommerce Website Design & Development Company in Delhi","· Software company","4.8","(85)","AG -611, Ground Floor","· 099997 79817","⋅ Closes 6:30 pm","https://www.ankdevelopment.in/","Website","https://www.google.com/maps/dir//AG+-611,+Ground+Floor,+ANK+Development-+eCommerce+Website+Design+%26+Development+Company+in+Delhi,+Shalimar+Bagh,+Delhi,+110088/data=!4m6!4m5!1m1!4e2!1m2!1m1!1s0x390d035825bd9f47:0x8e6c5318774fdb95?sa=X&ved=1t:57443&ictx=111","Directions","Open","","On-site services","·","Online appointments",""
"","Solarman Technology Project Pvt Ltd - Digital Marketing Company in Delhi, India |Software Development Company | IT Company","· Software company","5.0","(10)","6/14","· 074280 86779","⋅ Closes 6:30 pm","https://solarmantech.in/","Website","https://www.google.com/maps/dir//Solarman+Technology+Project+Pvt+Ltd+-+Digital+Marketing+Company+in+Delhi,+India+%7CSoftware+Development+Company+%7C+IT+Company,+6%2F14,+Kirti+Nagar+Industrial+Area,+Kirti+Nagar,+New+Delhi,+Delhi+110015/data=!4m6!4m5!1m1!4e2!1m2!1m1!1s0x390d0302af76c545:0x97d6a46d40086acd?sa=X&ved=1t:57443&ictx=111","Directions","Open","","On-site services","·","Online appointments",""
"https://ssl.gstatic.com/local/servicebusiness/default_user.png","CoreSwipe Technologies","· Software company","4.8","(24)","F-16, 3rd Floor","· 088860 61808","⋅ Closes 7 pm","https://www.coreswipeglobal.com/","Website","https://www.google.com/maps/dir//CoreSwipe+Technologies,+F-16,+3rd+Floor,+Preet+Vihar,+Delhi,+110092/data=!4m6!4m5!1m1!4e2!1m2!1m1!1s0x390cfb6cf9f53cbd:0xda363c8414898fa1?sa=X&ved=1t:57443&ictx=111","Directions","Open","""this company's employees are very friendly and helpful.""","","","",""
"https://ssl.gstatic.com/local/servicebusiness/default_user.png","Web Development Company in Delhi | EVG Software Solutions","· Software company","4.3","(51)","Noida","· 098999 96058","⋅ Closes 6:30 pm","http://evgsoftware.in/","Website","https://www.google.com/maps/dir//Web+Development+Company+in+Delhi+%7C+EVG+Software+Solutions,+D-247+%2F+4A,+Noida,+201301/data=!4m6!4m5!1m1!4e2!1m2!1m1!1s0x390cfc7f7271ed19:0x6aff6965beeaba2e?sa=X&ved=1t:57443&ictx=111","Directions","Open","""Their work has always been beyond expectations and par excellence.""","","","",""
"","AJS Software Technologies","· Software company","4.1","(7)","24-B/5, D.B. Gupta Road, Dev Nagar, Karol Bagh","· 011 4524 4577","⋅ Closes 6 pm","https://www.ajssoft.com/","Website","https://www.google.com/maps/dir//AJS+Software+Technologies,+24-B%2F5,+D.B.+Gupta+Road,+Dev+Nagar,+Karol+Bagh,+New+Delhi,+Delhi+110005/data=!4m6!4m5!1m1!4e2!1m2!1m1!1s0x390d029ce2360085:0x155856acb0e1f559?sa=X&ved=1t:57443&ictx=111","Directions","Open","","","","",""
"https://ssl.gstatic.com/local/servicebusiness/default_user.png","Digital Signature Agent","· Software company","4.7","(3)","A/15A","","","https://www.digitalsignatureagent.com/","Website","https://www.google.com/maps/dir//Digital+Signature+Agent,+A%2F15A,+Block+A,+Vijay+Nagar,+New+Delhi,+Delhi+110009/data=!4m6!4m5!1m1!4e2!1m2!1m1!1s0x43d085633a75d0c9:0x6671ac1b4d644c36?sa=X&ved=1t:57443&ictx=111","Directions","Open 24 hours","""10/10 for their excellent service!""","","","",""
"https://ssl.gstatic.com/local/servicebusiness/default_user.png","Algoquant Fintech Limited","· Software company","4.5","(11)","4/11, Asaf Ali Rd","· 099100 32394","⋅ Closes 7 pm","http://www.algoquantfintech.com/","Website","https://www.google.com/maps/dir//Algoquant+Fintech+Limited,+4%2F11,+Asaf+Ali+Rd,+Chandni+Chowk,+New+Delhi,+Delhi+110002/data=!4m6!4m5!1m1!4e2!1m2!1m1!1s0x390cfdc0b2c93905:0xfb290a103e3bb762?sa=X&ved=1t:57443&ictx=111","Directions","Open","""Best broking house for Algo based trading in Indian Stock market""","","","",""
"","Singh Solutions: Website Designing Company in Delhi","· Software company","4.7","(27)","1/6357, Street Number 4","· 098117 92608","⋅ Closes 7 pm","https://www.singhsolutions.co.in/","Website","https://www.google.com/maps/dir//Singh+Solutions:+Website+Designing+Company+in+Delhi,+1%2F6357,+Street+Number+4,+East+Rohtas+Nagar,+Shahdara,+Delhi,+110032/data=!4m6!4m5!1m1!4e2!1m2!1m1!1s0x390cfb7de666c3b1:0x92b4c00c125b8a29?sa=X&ved=1t:57443&ictx=111","Directions","Open","","On-site services","·","Online appointments",""
"https://ssl.gstatic.com/local/servicebusiness/default_user.png","Masai Technology (Pvt) Ltd","· Software company","2.7","(20)","12/12, IT Park Road","","","","","https://www.google.com/maps/dir//Masai+Technology+(Pvt)+Ltd,+12%2F12,+IT+Park+Road,+Metro+Vihar,+Shastri+Park,+Jagjit+Nagar,+New+Delhi,+Delhi+110053/data=!4m6!4m5!1m1!4e2!1m2!1m1!1s0x390cfd00478d629f:0x24f3893a5aca41c0?sa=X&ved=1t:57443&ictx=111","Directions","Open 24 hours","""Very good company, I earned good money working with this company.""","","","",""
"https://ssl.gstatic.com/local/servicebusiness/default_user.png","Nerditia | Best Digital Marketing Agency in Delhi","· Software company","5.0","(32)","C-7/307, Ground Floor, Lawrence Rd","· 099536 09096","⋅ Closes 7 pm","http://nerditia.com/","Website","https://www.google.com/maps/dir//Nerditia+%7C+Best+Digital+Marketing+Agency+in+Delhi,+C-7%2F307,+Ground+Floor,+Lawrence+Rd,+Keshav+Puram,+New+Delhi,+Delhi+110035/data=!4m6!4m5!1m1!4e2!1m2!1m1!1s0x390d0230b6fcf075:0x9e02f69d6c4e3f95?sa=X&ved=1t:57443&ictx=111","Directions","Open","""Trustworthy, reliable, and highly skilled.""""","","","",""
"","BR Solutions Pvt. Ltd.","· Software company","4.4","(10)","","","⋅ Closes 7 pm","http://www.brsolutions.in/","Website","","","Open","","","","",""
"","Licchi Technology: Website Design Company in Delhi NCR | Web Development in Delhi NCR","· Software company","5.0","(20)","S-132, 4th Floor, School Block","· 098118 53626","⋅ Closes 6 pm","https://licchi.com/","Website","https://www.google.com/maps/dir//S-132,+4th+Floor,+Licchi+Technology:+Website+Design+Company+in+Delhi+NCR+%7C+Web+Development+in+Delhi+NCR,+School+Block,+Shakarpur,+Delhi,+110092/data=!4m6!4m5!1m1!4e2!1m2!1m1!1s0x390ce353fceaaaab:0x2682f86d0e60229d?sa=X&ved=1t:57443&ictx=111","Directions","Open","","Online appointments","·","On-site services not available",""
"","FutureGenApps | Website Designing Company in Ghaziabad","· Software company","4.9","(173)","Ghaziabad, Uttar Pradesh","· 081785 60417","","https://www.futuregenapps.com/website-design-company-in-ghaziabad","Website","https://www.google.com/maps/dir//AAG-15,+FutureGenApps+%7C+Website+Designing+Company+in+Ghaziabad,+Shipra+Krishna+Azure+Apartment,+Metro+Station,+near+Kaushambi,+Kaushambi,+Ghaziabad,+Uttar+Pradesh+201012/data=!4m6!4m5!1m1!4e2!1m2!1m1!1s0x390cfb958fe1450b:0xb75c4e279a751f83?sa=X&ved=1t:57443&ictx=111","Directions","Open 24 hours","","On-site services","·","Online appointments",""
"","Mkix Private Limited","· Software company","","","A/10, Ground Floor, opp. Rana Pratap Bagh","","⋅ Closes 7 pm","","","https://www.google.com/maps/dir//Mkix+Private+Limited,+A%2F10,+Ground+Floor,+opp.+Rana+Pratap+Bagh,+Ashok+Vihar,+Delhi,+110007/data=!4m6!4m5!1m1!4e2!1m2!1m1!1s0x390cfd42ce16e7b9:0xdb12ef5e6f555564?sa=X&ved=1t:57443&ictx=111","Directions","Open","","","","","No reviews"
"","Viewbird Computec","· Software company","4.9","(113)","C-133","","⋅ Closes 9:30 pm","http://www.viewbirdcomputec.com/","Website","https://www.google.com/maps/dir//Viewbird+Computec,+C-133,+Block+C,+Moti+Nagar,+New+Delhi,+Delhi+110015/data=!4m6!4m5!1m1!4e2!1m2!1m1!1s0x390d0307c0000001:0xb9ccefe8328d94fa?sa=X&ved=1t:57443&ictx=111","Directions","Open","","On-site services","·","Online appointments",""
"","1WebLab - Digital marketing SEO Delhi | website design Company | Web Development SEO Services company Laxmi Nagar Delhi","· Software company","4.8","(48)","Metro Pillar Number 52, Delhi & NCR, 81, 2nd Floor, Ridhi sidhi complex, Main, Vikas Marg","· 082857 59111","⋅ Closes 7:30 pm","","","https://www.google.com/maps/dir//Metro+Pillar+Number+52,+1WebLab+-+Digital+marketing+SEO+Delhi+%7C+website+design+Company+%7C+Web+Development+SEO+Services+company+Laxmi+Nagar+Delhi,+Delhi+%26+NCR,+81,+2nd+Floor,+Ridhi+sidhi+complex,+Main,+Vikas+Marg,+Nirman+vihar,+Laxmi+Nagar,+Delhi,+110092/data=!4m6!4m5!1m1!4e2!1m2!1m1!1s0x390cfd786cd217e1:0x2a86bd73d4caaec?sa=X&ved=1t:57443&ictx=111","Directions","Open","","On-site services","·","Online appointments",""
"","Tally Prime Support, Customization, Integration & Solutions - M H Infomedia","· Software company","4.3","(16)","301, MG House","· 099995 05049","","https://mhinfomedia.in/","Website","https://www.google.com/maps/dir//301,+Tally+Prime+Support,+Customization,+Integration+%26+Solutions+-+M+H+Infomedia,+MG+House,+Commercial+Complex,+New+Delhi,+Delhi+110052/data=!4m6!4m5!1m1!4e2!1m2!1m1!1s0x390d034eb46a84cb:0xafcfd99d7383a8c5?sa=X&ved=1t:57443&ictx=111","Directions","Open 24 hours","","On-site services","·","Online appointments",""
"","DLT Software Solutions","· Software company","","","5335, Kohlapur Rd","· 011 2385 0111","","https://www.dltonlinejudgments.com/Login/ContactUs","Website","https://www.google.com/maps/dir//DLT+Software+Solutions,+5335,+Kohlapur+Rd,+Jawahar+Nagar,+Delhi,+110007/data=!4m6!4m5!1m1!4e2!1m2!1m1!1s0x390cfd8571c1ec9b:0x9f5f57ba04b8a76?sa=X&ved=1t:57443&ictx=111","Directions","Open now","","","","","No reviews"
"https://ssl.gstatic.com/local/servicebusiness/default_user.png","Accelon Technologies Pvt Ltd. SAP Business One Gold Partner, New Delhi","· Software company","5.0","(1)","L-29, 1st Floor, Awfis Business Center, Connaught Cir","· 090210 68822","⋅ Closes 6:30 pm","https://accelontech.com/","Website","https://www.google.com/maps/dir//Accelon+Technologies+Pvt+Ltd.+SAP+Business+One+Gold+Partner,+New+Delhi,+L-29,+1st+Floor,+Awfis+Business+Center,+Connaught+Cir,+Connaught+Place,+New+Delhi,+Delhi+110001/data=!4m6!4m5!1m1!4e2!1m2!1m1!1s0x390cfd2e50448197:0x2c4f42cb8489ee70?sa=X&ved=1t:57443&ictx=111","Directions","Open","""Good company""","","","",""
"https://ssl.gstatic.com/local/servicebusiness/default_user.png","Digisoft TallyPrime Dealer in Delhi, Noida, Ghaziabad and Gurgaon","· Software company","4.4","(18)","S-12","· 099104 61116","⋅ Closes 8 am Thu","","","https://www.google.com/maps/dir//Digisoft+TallyPrime+Dealer+in+Delhi,+Noida,+Ghaziabad+and+Gurgaon,+S-12,+School+Block,+Shakarpur,+Delhi,+110092/data=!4m6!4m5!1m1!4e2!1m2!1m1!1s0x390ce3531ab202ad:0xf5e19e03ea7d665f?sa=X&ved=1t:57443&ictx=111","Directions","Open","""Best in their field!""","","","",""
"https://ssl.gstatic.com/local/servicebusiness/default_user.png","Web Players Technology- Website Designing Company in Central Delhi - Landing Page Designing Company in Delhi","· Software company","5.0","(25)","CP N-12 UPPER GROUND FLOOR MUNSI LAL BUILDING, Connaught Cir, OPPOSITE KFC","· 097172 92583","⋅ Closes 11 pm","https://www.web-players.co.in/","Website","https://www.google.com/maps/dir//Web+Players+Technology-+Website+Designing+Company+in+Central+Delhi+-+Landing+Page+Designing+Company+in+Delhi,+CP+N-12+UPPER+GROUND+FLOOR+MUNSI+LAL+BUILDING,+Connaught+Cir,+OPPOSITE+KFC,+Connaught+Place,+New+Delhi,+Delhi+110001/data=!4m6!4m5!1m1!4e2!1m2!1m1!1s0x390cfdcc4be47a2d:0xbd6a23fa53037221?sa=X&ved=1t:57443&ictx=111","Directions","Open","""Very professional and budget friendly,  they can design within timeframe""","","","",""
"","Ark Vision Infotech","· Software company","5.0","(1)","2, JMC WELCOME, A-381, Street Number 6","","⋅ Closes 6:30 pm","http://arkvision.online/","Website","https://www.google.com/maps/dir//2,+Ark+Vision+Infotech,+JMC+WELCOME,+A-381,+Street+Number+6,+New+Delhi,+Delhi+110053/data=!4m6!4m5!1m1!4e2!1m2!1m1!1s0x390cfb3db5d5e53f:0x2b6aafd1d613afb0?sa=X&ved=1t:57443&ictx=111","Directions","Open","","","","",""
"","Website Designing, Mobile App Development In Delhi | Digital Techno Experts","· Software company","5.0","(3)","E Block Road","· 073768 42482","","https://digitaltechnoexperts.com/","Website","https://www.google.com/maps/dir//Website+Designing,+Mobile+App+Development+In+Delhi+%7C+Digital+Techno+Experts,+E+Block+Road,+New+Delhi,+Delhi+110009/data=!4m6!4m5!1m1!4e2!1m2!1m1!1s0x390cfdc50c25b73d:0x5d3e0ce4129533e8?sa=X&ved=1t:57443&ictx=111","Directions","Open 24 hours","","","","",""
"","FlippaeXchange. India's Digital Marketplace","· Software company","","","F block F, 11 near, Rana Pratap Bagh Rd","","","","","https://www.google.com/maps/dir//F+block+F,+FlippaeXchange.+India's+Digital+Marketplace,+11+near,+Rana+Pratap+Bagh+Rd,+DVB+Colony,+Shakti+Nagar,+New+Delhi,+Delhi+110007/data=!4m6!4m5!1m1!4e2!1m2!1m1!1s0x390ce35b608a2119:0xcfb01a2893f75b8b?sa=X&ved=1t:57443&ictx=111","Directions","Open 24 hours","","On-site services","·","Online appointments","No reviews"
"","NIELIT Delhi Centre Inderlok, Janakpuri and Karkardooma","· Software company","4.0","(409)","Metro Station Inderlok, Parsvnath Metro Mall, 2nd Floor","· 011 2364 4849","⋅ Closes 5:30 pm","https://www.nielit.gov.in/delhi/index.php","Website","https://www.google.com/maps/dir//NIELIT+Delhi+Centre+Inderlok,+Janakpuri+and+Karkardooma,+Metro+Station+Inderlok,+Parsvnath+Metro+Mall,+2nd+Floor,+Inderlok,+New+Delhi,+Delhi+110052/data=!4m6!4m5!1m1!4e2!1m2!1m1!1s0x390d025d74eaab0f:0x7ab8b57ddb4613aa?sa=X&ved=1t:57443&ictx=111","Directions","Open","","On-site services","·","Online classes",""
"","Busywin Accounting Software Delhi","· Software company","5.0","(10)","2nd Floor, LHS, Pandav Nagar Complex, D 372","· 098910 10303","","https://www.busywinsoftware.com/","Website","https://www.google.com/maps/dir//2nd+Floor,+LHS,+Busywin+Accounting+Software+Delhi,+Pandav+Nagar+Complex,+D+372,+Ganesh+Nagar,+Delhi,+110092/data=!4m6!4m5!1m1!4e2!1m2!1m1!1s0x390ce39c97cce1c7:0x92a456223e0acefe?sa=X&ved=1t:57443&ictx=111","Directions","Open 24 hours","","","","",""
"","Nakul Anand: Web Design and Development Company Delhi-NCR, Gurgaon,Noida, Faridabad","· Software company","","","1527, New Chandrawal Rd, near Clock Tower","· 098730 38498","⋅ Closes 6 pm","","","https://www.google.com/maps/dir//Nakul+Anand:+Web+Design+and+Development+Company+Delhi-NCR,+Gurgaon,Noida,+Faridabad,+1527,+New+Chandrawal+Rd,+near+Clock+Tower,+Delhi,+110007/data=!4m6!4m5!1m1!4e2!1m2!1m1!1s0x390cfd8452c3fd7d:0xcb988d5460ea0528?sa=X&ved=1t:57443&ictx=111","Directions","Open","","","","","No reviews"
"https://ssl.gstatic.com/local/servicebusiness/default_user.png","Best SEO Company Delhi - Kenovate Solutions","· Software company","4.8","(15)","#202, Plot No. 51","· 011 4214 1242","⋅ Closes 6:30 pm","https://www.kenovate.com/","Website","https://www.google.com/maps/dir//Best+SEO+Company+Delhi+-+Kenovate+Solutions,+%23202,+Plot+No.+51,+Hasanpur,+Patparganj,+New+Delhi,+Delhi+110092/data=!4m6!4m5!1m1!4e2!1m2!1m1!1s0x390cfb3641b5ecd7:0xb96255adecb8185d?sa=X&ved=1t:57443&ictx=111","Directions","Open","""My work experience at Kenovate Solutions was amazing!""","","","",""
"https://ssl.gstatic.com/local/servicebusiness/default_user.png","Gaura Softwares","· Software company","4.3","(12)","Office No 205, Second Floor, B & E Complex, Mantri Arcade","· 098109 49882","⋅ Closes 9 pm","http://www.gaurasoftwares.com/","Website","https://www.google.com/maps/dir//Office+No+205,+Second+Floor,+Gaura+Softwares,+B+%26+E+Complex,+Mantri+Arcade,+Dilshad+Garden,+Delhi,+110095/data=!4m6!4m5!1m1!4e2!1m2!1m1!1s0x390cfb7efed2ccc5:0xbd10a6692de24f9e?sa=X&ved=1t:57443&ictx=111","Directions","Open","""they provide very good services .""","","","",""
"","appdoodles","· Software company","4.8","(4)","","","","","","","","","","","","",""
"","DATADRIX | BEST DATA SCIENCE TRAINING IN DELHI | BEST PYTHON TRAINING","· Software company","5.0","(300)","F 2/3 2nd Floor, Mrignayni Chowk, above Muthoot Finance","· 093109 36989","⋅ Closes 9 pm","http://www.datadrix.com/","Website","https://www.google.com/maps/dir//F+2%2F3+2nd+Floor,+DATADRIX+%7C+BEST+DATA+SCIENCE+TRAINING+IN+DELHI+%7C+BEST+PYTHON+TRAINING,+Mrignayni+Chowk,+above+Muthoot+Finance,+Dilshad+Colony,+Delhi,+110095/data=!4m6!4m5!1m1!4e2!1m2!1m1!1s0x3905796ffdc1c119:0xc28569609dd91838?sa=X&ved=1t:57443&ictx=111","Directions","Open","","On-site services","·","Online classes",""
"","Web10gent","· Software company","5.0","(5)","","","","","","","","","","","","",""
"","Essenz LoVo Technologies (OPC) Private Limited","· Software company","4.9","(7)","· 089299 20012","","⋅ Closes 5 pm","https://www.essenzlovo.com/","Website","","","Open","","Online appointments","","",""
"","Essenz LoVo Technologies (OPC) Private Limited","· Software company","4.9","(7)","· 089299 20012","","⋅ Closes 5 pm","https://www.essenzlovo.com/","Website","","","Open","","Online appointments","","",""
"","HBS SYSTEMS PRIVATE LIMITED","· Software company","3.9","(8)","Padma Tower II, Govind Lal Sikka Marg","· 011 2576 7117","⋅ Closes 6:38 pm","http://hbsindia.com/","Website","https://www.google.com/maps/dir//HBS+SYSTEMS+PRIVATE+LIMITED,+Padma+Tower+II,+Govind+Lal+Sikka+Marg,+Rajendra+Place,+New+Delhi,+Delhi+110008/data=!4m6!4m5!1m1!4e2!1m2!1m1!1s0x390d02967d300001:0x697b751ec1d791ad?sa=X&ved=1t:57443&ictx=111","Directions","Open","","","","",""
"","Mphere | E-commerce service and website designer & development company in delhi","· Software company","5.0","(1)","New Delhi, Delhi","","⋅ Closes 9 pm","http://www.mphere.com/","Website","https://www.google.com/maps/dir//Mphere+%7C+E-commerce+service+and+website+designer+%26+development+company+in+delhi,+Ratan+Lal+Market,+Kaseru+Walan,+Paharganj,+New+Delhi,+Delhi+110055/data=!4m6!4m5!1m1!4e2!1m2!1m1!1s0x390cfd00ec629a3d:0x79ed70f7fa77b236?sa=X&ved=1t:57443&ictx=111","Directions","Open","","On-site services","·","Online appointments",""
"https://ssl.gstatic.com/local/servicebusiness/default_user.png","Tally Software Dealer Noida || Tally Software Partner Greater Noida Jewar","· Software company","5.0","(3)","","","⋅ Closes 8 pm","https://sites.google.com/view/softwaredealergaurcity/home","Website","","","Open","""best tally software service provide in noida,""","","","",""
"https://ssl.gstatic.com/local/servicebusiness/default_user.png","Diligence Agency - Website designing company in Delhi, Bangalore, Gurgaon, Chennai","· Software company","5.0","(5)","F.Floor, First Floor C7/2, Street no.-27, Mahindra Park Rd, near Adarsh nagar","· 080767 10471","⋅ Closes 8 pm","https://diligenceagency.com/design/web-design-delhi/","Website","https://www.google.com/maps/dir//F.Floor,+Diligence+Agency+-+Website+designing+company+in+Delhi,+Bangalore,+Gurgaon,+Chennai,+First+Floor+C7%2F2,+Street+no.-27,+Mahindra+Park+Rd,+near+Adarsh+nagar,+New+Delhi,+Delhi+110033/data=!4m6!4m5!1m1!4e2!1m2!1m1!1s0x390d0196e35bb64b:0x847c0e694cec5767?sa=X&ved=1t:57443&ictx=111","Directions","Open","""Working with Ram at Diligence Agency has been awesome.""","","","",""
"","Evoluz Global Solutions","· Software company","5.0","(3)","","","","https://www.evoluz.tech/","Website","","","Open 24 hours","","Online appointments","","",""
"https://ssl.gstatic.com/local/servicebusiness/default_user.png","Skool24","· Software company","5.0","(41)","· 099717 36559","","⋅ Closes 6 pm","http://www.skool24.com/","Website","","","Open","""Awesome software Skool24  provides best solution and service""","","","",""
"","Beyond Chats","· Software company","","","Gate No. 4, Chhatra Marg","","","http://beyondchats.com/","Website","https://www.google.com/maps/dir//Gate+No.+4,+Beyond+Chats,+Chhatra+Marg,+Faculty+of+Science,+University+Enclave,+New+Delhi,+Delhi+110007/data=!4m6!4m5!1m1!4e2!1m2!1m1!1s0x552bcb32f4d7ecd:0x8f8abb9a7c47308d?sa=X&ved=1t:57443&ictx=111","Directions","Open 24 hours","","","","","No reviews"
"","Promethean Developers","· Software company","","","· 070137 05202","","","","","","","Open 24 hours","","Online appointments","","","No reviews"
"","L2w Systems Private Limited","· Software company","","","4760, Roshanara Rd","· 098106 05652","⋅ Closes 6 pm","https://l2w.co.in/","Website","https://www.google.com/maps/dir//L2w+Systems+Private+Limited,+4760,+Roshanara+Rd,+New+Delhi,+Delhi+110007/data=!4m6!4m5!1m1!4e2!1m2!1m1!1s0x390cfd82f44e9c9f:0x6da7fe82010a0216?sa=X&ved=1t:57443&ictx=111","Directions","Open","","","","","No reviews"
"https://ssl.gstatic.com/local/servicebusiness/default_user.png","nbinfotechs","· Software company","5.0","(1)","","","","https://nbinfotechs.com/","Website","","","","""Best software solutions""","","","",""
"https://ssl.gstatic.com/local/servicebusiness/default_user.png","RV Softech","· Software company","5.0","(2)","","","⋅ Closes 6 pm","https://rvsoftech.com/","Website","","","Open","""Best company and perfect employees""","","","",""
"","Best SAP Training Institute in Delhi NCR. S4 HANA Course Fees. 100% job Placement Assistance","· Software company","4.2","(259)","U- 136, Ground Floor, Satyam Building, Gate, Street No. 4, near Metro Station Laxmi Nagar","· 093183 24064","","https://ucpltechnologies.org/","Website","https://www.google.com/maps/dir//U-+136,+Ground+Floor,+Best+SAP+Training+Institute+in+Delhi+NCR.+S4+HANA+Course+Fees.+100%25+job+Placement+Assistance,+Satyam+Building,+Gate,+Street+No.+4,+near+Metro+Station+Laxmi+Nagar,+Delhi,+110092/data=!4m6!4m5!1m1!4e2!1m2!1m1!1s0x390cfcad1a345aa3:0x90a3e35fe6ad3141?sa=X&ved=1t:57443&ictx=111","Directions","Open 24 hours","","On-site services","·","Online classes",""
"","Diamondz Developers (Delhi)","· Software company","4.0","(1)","JAG PRAVESH CHANDRA HOSPITAL, T-197, Street 1, Gautampuri","","⋅ Closes 6 pm","","","https://www.google.com/maps/dir//Diamondz+Developers+(Delhi),+JAG+PRAVESH+CHANDRA+HOSPITAL,+T-197,+Street+1,+Gautampuri,+Shastri+Park,+Opp:,+New+Delhi,+Delhi+110053/data=!4m6!4m5!1m1!4e2!1m2!1m1!1s0x390cfd2f1cdf99ff:0x7f9eafb461e5574e?sa=X&ved=1t:57443&ictx=111","Directions","Open","","On-site services","·","Online appointments",""
"","Digital Marketing Service in Delhi | Website Design | SEO","· Software company","5.0","(2)","Ghat No 28, Yamuna Bazar Shri Chitragupta Maharaj Ji, Hanuman Mandir Mandir","· 098915 92827","","https://delhimarketing.in/","Website","https://www.google.com/maps/dir//Ghat+No+28,+Digital+Marketing+Service+in+Delhi+%7C+Website+Design+%7C+SEO,+Yamuna+Bazar+Shri+Chitragupta+Maharaj+Ji,+Hanuman+Mandir+Mandir,+Kashmere+Gate,+Delhi,+110006/data=!4m6!4m5!1m1!4e2!1m2!1m1!1s0x390cfd2cea288be9:0x328575b46f9510fd?sa=X&ved=1t:57443&ictx=111","Directions","Open 24 hours","","Online appointments","","",""
"","Capswhite","· Software company","4.0","(6)","51/16 Street, Shiv Mandir Gali, near Atul Shikha Sadan School","· 099990 22191","⋅ Closes 8:30 pm","https://capswhite.com/","Website","https://www.google.com/maps/dir//Capswhite,+51%2F16+Street,+Shiv+Mandir+Gali,+near+Atul+Shikha+Sadan+School,+West+Babarpur,+Shahdara,+Delhi,+110032/data=!4m6!4m5!1m1!4e2!1m2!1m1!1s0x390cfc79f682d1a1:0xd751d51b3155f8b?sa=X&ved=1t:57443&ictx=111","Directions","Open","","On-site services","·","Online appointments",""
"https://ssl.gstatic.com/local/servicebusiness/default_user.png","WD3 | Web Designing Company Delhi","· Software company","4.8","(4)","2nd Floor WA-86","· 097170 02038","⋅ Closes 5 pm","http://www.webdesigndeveloperdelhi.com/","Website","https://www.google.com/maps/dir//WD3+%7C+Web+Designing+Company+Delhi,+2nd+Floor+WA-86,+Shakarpur,+New+Delhi,+Delhi+110092/data=!4m6!4m5!1m1!4e2!1m2!1m1!1s0x390ce3533cd653a5:0x9db2cbb3f5ea4899?sa=X&ved=1t:57443&ictx=111","Directions","Open","""So cooperative and technically skilled staff.""","","","",""
"","Digital Signature Certificate Providers in Delhi","· Software company","4.9","(12)","D 442-A, near Mahesh Hospital","· 098734 67790","","http://www.99digitalsignature.com/","Website","","","Open 24 hours","","On-site services","·","Online appointments",""
"","Capcons Analytics Private Limited","· Software company","5.0","(4)","","","⋅ Closes 5 pm","https://capcons.com/","Website","","","Open","","Online appointments","","",""
"","Finches Tech - A Website Designing Company Delhi | Web Development","· Software company","4.6","(9)","B 66, 3rd Floor Street No. 6, B Block","","⋅ Closes 9 pm","https://ftplweb.com/","Website","https://www.google.com/maps/dir//Finches+Tech+-+A+Website+Designing+Company+Delhi+%7C+Web+Development,+B+66,+3rd+Floor+Street+No.+6,+B+Block,+South+Ganesh+Nagar,+Laxmi+Nagar,+Delhi,+110092/data=!4m6!4m5!1m1!4e2!1m2!1m1!1s0x390cfdba5374c60d:0xa6705f16f14850c2?sa=X&ved=1t:57443&ictx=111","Directions","Open","","On-site services","","",""
"","Tastebuds","· Software company","5.0","(1)","· 079824 51633","","","","","","","Open 24 hours","","","","",""
"","UnboxPoision","· Software company","","","","","⋅ Closes 10 am Thu","","","","","Open","","","","","No reviews"
"","Pashupatastra Solutions","· Software company","","","3rd Floor, B4, A/2, Rana Pratap Bagh Rd, near Geeta Ashram Mandir","","⋅ Closes 2 am","https://pashupatastras.com/","Website","https://www.google.com/maps/dir//3rd+Floor,+B4,+Pashupatastra+Solutions,+A%2F2,+Rana+Pratap+Bagh+Rd,+near+Geeta+Ashram+Mandir,+New+Delhi,+Delhi+110007/data=!4m6!4m5!1m1!4e2!1m2!1m1!1s0x390d03f1afd200cb:0x325ca97ecfc0eecd?sa=X&ved=1t:57443&ictx=111","Directions","Open","","Online appointments","·","On-site services not available","No reviews"
"https://ssl.gstatic.com/local/servicebusiness/default_user.png","JNN Technologies","· Software company","5.0","(5)","· 088006 63595","","⋅ Closes 7:30 pm","https://jnntech.com/","Website","","","Open","""Excellent service from a highly professional team!""","","","",""
"","ERP Infotech pvt ltd","· Software company","","","","","⋅ Closes 5 pm","","","","","Open","","","","","No reviews"
"","D School Of Music","· Software company","3.2","(5)","Spark mall, Delhi University, D School of Music /Chauhan Academy 80- A first floor Kamla Nagar opposite To SBI Bank Kamla Nagar Branch","· 078272 82211","⋅ Closes 8 pm","","","https://www.google.com/maps/dir//D+School+Of+Music,+Spark+mall,+Delhi+University,+D+School+of+Music+%2FChauhan+Academy+80-+A+first+floor+Kamla+Nagar+opposite+To+SBI+Bank+Kamla+Nagar+Branch,+University+Enclave,+Delhi,+110007/data=!4m6!4m5!1m1!4e2!1m2!1m1!1s0x390cfd88934ce545:0x682bbea852928126?sa=X&ved=1t:57443&ictx=111","Directions","Open","","","","",""
"","Passive Central","· Software company","","","","","⋅ Closes 8 pm","","","","","Open","","","","","No reviews"
"","exelaonline","· Software company","","","092665 35115","","","","","","","","","","","","No reviews"
"","scriptdeveloper","· Software company","","","","","","","","","","Open 24 hours","","","","","No reviews"
"","Busy software | Busy Channel Partner Delhi","· Software company","","","E-260, Kasana Rd, near Bhajanpura","· 072177 99535","⋅ Closes 6:30 pm","https://busyunify.com/","Website","https://www.google.com/maps/dir//Busy+software+%7C+Busy+Channel+Partner+Delhi,+E-260,+Kasana+Rd,+near+Bhajanpura,+Khazoori+Khas,+New+Delhi,+Delhi+110094/data=!4m6!4m5!1m1!4e2!1m2!1m1!1s0x390cfd13aa24f87d:0xb610a8812eb3a669?sa=X&ved=1t:57443&ictx=111","Directions","Open","","","","","No reviews"
"","KSBM #NO.1 application development company","· Software company","","","","","⋅ Closes 6:30 pm","https://www.ksbminfotech.com/","Website","","","Open","","","","","No reviews"
"","Nexus Media","· Software company","5.0","(1)","","","","http://www.nexusmediasolution.com/website-designing-company-laxmi-nagar-new-delhi.html","Website","","","Open 24 hours","","","","",""
"","Digiweb Infomedia","· Software company","5.0","(1)","","","","http://www.digiwebinfomedia.com/","Website","","","Open 24 hours","","Online appointments","","",""
"","Techunitys","· Software company","","","","","⋅ Closes 7 pm","https://techunitys.com/","Website","","","Open","","Online appointments","","","No reviews"
"","SuperHumanRace","· Software company","5.0","(1)","New Delhi House, 101-102, First Floor, 27, Barakhamba Rd","","⋅ Closes 8 pm","https://www.mysuperhumanrace.com/","Website","https://www.google.com/maps/dir//SuperHumanRace,+New+Delhi+House,+101-102,+First+Floor,+27,+Barakhamba+Rd,+New+Delhi,+Delhi+110001/data=!4m6!4m5!1m1!4e2!1m2!1m1!1s0x390cfdf999df5341:0xb2d302ff9aab4d30?sa=X&ved=1t:57443&ictx=111","Directions","Open","","","","",""
"","sunrise infotech","· Software company","","","","","⋅ Closes 6 pm","http://www.sunrisez.in/","Website","","","Open","","","","","No reviews"
"","Digital Counsaltancy Service","· Software company","","","","","⋅ Closes 6 pm","http://dcstech.co.in/","Website","","","Open","","","","","No reviews"
"","FGA Website Developer Delhi","· Software company","5.0","(1)","CO OFFIZ","","","https://www.futuregenapps.com/website-designing-company-in-laxmi-nagar","Website","https://www.google.com/maps/dir//FGA+Website+Developer+Delhi,+CO+OFFIZ,+Preet+Vihar,+Delhi,+110092/data=!4m6!4m5!1m1!4e2!1m2!1m1!1s0x390cfb43afd7fc75:0x4d77b01338b16b09?sa=X&ved=1t:57443&ictx=111","Directions","Open 24 hours","","On-site services","·","Online appointments",""
"","Hire Hacker","· Software company","4.0","(2)","","","","https://hireahacker.one/","Website","","","Open 24 hours","","Online appointments","","",""
"","Qore Web infotech","· Software company","","","M7GJ+FQ2, Street No. 1","","","","","https://www.google.com/maps/dir//M7GJ%2BFQ2+Qore+Web+infotech,+Street+No.+1,+Oldanpur,+Navin+Shahdara,+Shahdara,+Delhi,+110032/data=!4m6!4m5!1m1!4e2!1m2!1m1!1s0x390cfd0023153b77:0x1485fc48ff341ace?sa=X&ved=1t:57443&ictx=111","Directions","","","","","","No reviews"
"","Accousoft","· Software company","","","","No reviews","","","","","","Open 24 hours","","","","",""
"","TOMAR ENTERPRISES","· Software company","","","· 098181 20136","","","http://www.margerp.com/","Website","","","Open 24 hours","","","","","No reviews"
"","Apex Code","· Software company","","","","","⋅ Opens 9 am","https://www.apexcode.in/","Website","","","Closed","","","","","No reviews"
"","NEEL BHASIN","· Software company","","","","","","http://neelbhasin.com/","Website","","","Open now","","","","","No reviews"
"","LogicalDP","· Software company","","","· 084474 18324","","","","","","","Open 24 hours","","","","","No reviews"
"","DevOps@Door","· Software company","","","","","","","","","","Open 24 hours","","","","","No reviews"
"","Pashupatastra Solutions","· Software company","","","","","","https://pashupatastras.com/","Website","","","","","","","","No reviews"
"","Colab Foundry","· Software company","","","· 081784 24861","","⋅ Closes 5 pm","https://colabfoundry.com/","Website","","","Open","","Online appointments","","","No reviews"
"","Busy Software in Noida Ghaziabad || Busy Accounting Software","· Software company","","","098114 77566","","","http://www.sunrisez.in/","Website","","","","","","","","No reviews"
"","AV Tech and Services","· Software company","","","","","","https://avtechandservices.com/","Website","","","Open 24 hours","","","","","No reviews"
"","Software Technologies","· Software company","3.5","(4)","J7JG+PJ9, Laxminagar","· 099714 92229","","","","https://www.google.com/maps/dir//J7JG%2BPJ9+Software+Technologies,+Laxminagar,+Block+D,+Laxmi+Nagar,+Delhi,+110031/data=!4m6!4m5!1m1!4e2!1m2!1m1!1s0x390cfcb2baaaaac9:0xab60bfdc2fcf2cbe?sa=X&ved=1t:57443&ictx=111","Directions","Temporarily closed","","","","",""
"","Giga Soft Systems Pvt. Ltd.","· Software company","3.0","(23)","6/3514, Pyarelal Road, Bank St","· 097160 16012","","https://www.gigasoft.in/","Website","https://www.google.com/maps/dir//Giga+Soft+Systems+Pvt.+Ltd.,+6%2F3514,+Pyarelal+Road,+Bank+St,+Karol+Bagh,+New+Delhi,+Delhi+110005/data=!4m6!4m5!1m1!4e2!1m2!1m1!1s0x390d029c9258bf8d:0x2e971818ed3574cd?sa=X&ved=1t:57443&ictx=111","Directions","Temporarily closed","","","","",""
"","Techyolk India | Application Development - IT Consulting","· Software company","","","10","· 094998 84444","","https://www.techyolk.com/","Website","https://www.google.com/maps/dir//Techyolk+India+%7C+Application+Development+-+IT+Consulting,+10,+Silver+Park,+Shivpuri,+Krishna+Nagar,+New+Delhi,+Delhi+110051/data=!4m6!4m5!1m1!4e2!1m2!1m1!1s0x390cfd0fa845aad5:0xc9c215740264a502?sa=X&ved=1t:57443&ictx=111","Directions","Temporarily closed","","","","","No reviews"
"","AI World programmers","· Software company","4.4","(5)","Street No.13","","","","","https://www.google.com/maps/dir//AI+World+programmers,+Street+No.13,+Chauhan+Banger,+Shahdara,+New+Delhi,+Delhi+110053/data=!4m6!4m5!1m1!4e2!1m2!1m1!1s0x390cfde98d8f2307:0x884a0641cf730b96?sa=X&ved=1t:57443&ictx=111","Directions","Temporarily closed","","","","",""
"","SAG Infotech New Delhi, Genius Software","· Software company","3.4","(5)","WZ-5B, Ist Floor, Manohar Park, East Punjabi Bagh, Near Ashok Park Main Metro Station","· 090154 49004","","","","https://www.google.com/maps/dir//SAG+Infotech+New+Delhi,+Genius+Software,+WZ-5B,+Ist+Floor,+Manohar+Park,+East+Punjabi+Bagh,+Near+Ashok+Park+Main+Metro+Station,+New+Delhi,+Delhi+110026/data=!4m6!4m5!1m1!4e2!1m2!1m1!1s0x390d02510dbf17db:0xb18fb32a54842efb?sa=X&ved=1t:57443&ictx=111","Directions","Temporarily closed","","","","",""
"","Anant Enterprises","· Software company","2.0","(2)","9668B, First Floor, Street 6","· 098912 49470","","","","","","Temporarily closed","","","","",""
"","software company delhi","· Software company","","","12","","","","","https://www.google.com/maps/dir//software+company+delhi,+12,+Delhi,+110053/data=!4m6!4m5!1m1!4e2!1m2!1m1!1s0x390cfd9388f6e0f3:0x62e1b88446b26140?sa=X&ved=1t:57443&ictx=111","Directions","Temporarily closed","","","","","No reviews"
"","NexoSign - Best Digital Signage Solution in Delhi","· Software company","","","J6J9+XC9, Rajiv Chowk","","","https://nexoter.com/best-digital-signage-software-in-delhi/","Website","https://www.google.com/maps/dir//J6J9%2BXC9+NexoSign+-+Best+Digital+Signage+Solution+in+Delhi,+Rajiv+Chowk,+Block+A,+Connaught+Place,+New+Delhi,+Delhi+110001/data=!4m6!4m5!1m1!4e2!1m2!1m1!1s0x390cfd004e809f5f:0x62e1af03bbaadc0f?sa=X&ved=1t:57443&ictx=111","Directions","Temporarily closed","","","","","No reviews"
"https://ssl.gstatic.com/local/servicebusiness/default_user.png","Amar Enterprises","· Software company","5.0","(3)","H. No.-4165a, Gali Number 18/2","","","http://chinazone.in/","Website","https://www.google.com/maps/dir//Amar+Enterprises,+H.+No.-4165a,+Gali+Number+18%2F2,+Gandhi+Nagar,+Shanti+Mohalla,+Delhi-31,+Delhi,+110031/data=!4m6!4m5!1m1!4e2!1m2!1m1!1s0x390cfd035da6b4cb:0xb97d8fe87997e40e?sa=X&ved=1t:57443&ictx=111","Directions","Temporarily closed","""Best shop to buy toy and any product.""","","","",""
"","Digital Media - Digital Marketing Agency in Delhi | Social Media Marketing Agency in Delhi | SEO Agency in Delhi","· Software company","","","885, 58","","","","","https://www.google.com/maps/dir//885,+Digital+Media+-+Digital+Marketing+Agency+in+Delhi+%7C+Social+Media+Marketing+Agency+in+Delhi+%7C+SEO+Agency+in+Delhi,+58,+Lekhu+Nagar,+Tri+Nagar,+Delhi,+110035/data=!4m6!4m5!1m1!4e2!1m2!1m1!1s0x390d035c2f75098f:0x588eec003b2c80b7?sa=X&ved=1t:57443&ictx=111","Directions","Temporarily closed","","","","","No reviews"
"","Afnan shams","· Software company","","","DO-730","No reviews","","http://bzaari.shop/","Website","https://www.google.com/maps/dir//Afnan+shams,+DO-730,+Jafrabad,+Shahdara,+New+Delhi,+Delhi+110053/data=!4m6!4m5!1m1!4e2!1m2!1m1!1s0x390cfdf7723b10c3:0x6cfe0b673e99f187?sa=X&ved=1t:57443&ictx=111","Directions","Temporarily closed","","","","",""
"","INNOVATIVE SCRIPTS (EAST DELHI BRANCH)","· Software company","5.0","(1)","102, Entrepreneurship Development Center East Campus, Delhi Technological University","","","https://innovativescripts.com/","Website","https://www.google.com/maps/dir//102,+INNOVATIVE+SCRIPTS+(EAST+DELHI+BRANCH),+Entrepreneurship+Development+Center+East+Campus,+Delhi+Technological+University,+Delhi,+110095/data=!4m6!4m5!1m1!4e2!1m2!1m1!1s0x390cfbc8a6b990df:0x358b5addab69a30c?sa=X&ved=1t:57443&ictx=111","Directions","Temporarily closed","","","","",""
"","GTQ ARTIFICIAL INTELLIGENCE","· Software company","","","Building No./Flat No.: 461/6B SECOND FLOOR, Gali No. 1","· 095028 40391","","http://gtqai.com/","Website","https://www.google.com/maps/dir//Building+No.%2FFlat+No.:+461%2F6B+SECOND+FLOOR,+GTQ+ARTIFICIAL+INTELLIGENCE,+Gali+No.+1,+Bhola+Nath+Nagar,+Shahdara,+New+Delhi,+Delhi+PIN+CODE:+110032/data=!4m6!4m5!1m1!4e2!1m2!1m1!1s0x390cfc818dbb0e77:0x29491ae495eb2c05?sa=X&ved=1t:57443&ictx=111","Directions","Temporarily closed","","","","","No reviews"
"","WebsiteWale","· Software company","","","· 085954 82855","","⋅ Closes 9 pm","https://websitewale.co/","Website","","","Open","","","","","No reviews"
"","Digital Media - Digital Marketing Agency in Delhi | Social Media Marketing Agency in Delhi | SEO Agency in Delhi","· Software company","","","885, 58","No reviews","","","","https://www.google.com/maps/dir//885,+Digital+Media+-+Digital+Marketing+Agency+in+Delhi+%7C+Social+Media+Marketing+Agency+in+Delhi+%7C+SEO+Agency+in+Delhi,+58,+Lekhu+Nagar,+Tri+Nagar,+Delhi,+110035/data=!4m6!4m5!1m1!4e2!1m2!1m1!1s0x390d035c2f75098f:0x588eec003b2c80b7?sa=X&ved=1t:57443&ictx=111","Directions","Temporarily closed","","","","",""
"","Afnan shams","· Software company","","","DO-730","","","http://bzaari.shop/","Website","https://www.google.com/maps/dir//Afnan+shams,+DO-730,+Jafrabad,+Shahdara,+New+Delhi,+Delhi+110053/data=!4m6!4m5!1m1!4e2!1m2!1m1!1s0x390cfdf7723b10c3:0x6cfe0b673e99f187?sa=X&ved=1t:57443&ictx=111","Directions","Temporarily closed","","","","","No reviews"
"","NexoSign - Best Digital Signage Solution in Delhi","· Software company","","","J6J9+XC9, Rajiv Chowk","No reviews","","https://nexoter.com/best-digital-signage-software-in-delhi/","Website","https://www.google.com/maps/dir//J6J9%2BXC9+NexoSign+-+Best+Digital+Signage+Solution+in+Delhi,+Rajiv+Chowk,+Block+A,+Connaught+Place,+New+Delhi,+Delhi+110001/data=!4m6!4m5!1m1!4e2!1m2!1m1!1s0x390cfd004e809f5f:0x62e1af03bbaadc0f?sa=X&ved=1t:57443&ictx=111","Directions","Temporarily closed","","","","",""